datetime,P1,P2,P3,P4,P5,P6
2021-03-29 00:00:52,0.02,0.16699999999999998,3.0,177.0,188.0,1070.0
2021-03-29 00:01:53,0.02,0.16699999999999998,3.0,177.0,188.0,1070.0
2021-03-29 00:02:53,0.02,0.16699999999999998,3.0,177.0,188.0,1070.0
2021-03-29 00:03:54,0.02,0.16699999999999998,3.0,177.0,188.0,1070.0
2021-03-29 00:04:54,0.02,0.16699999999999998,3.0,177.0,188.0,1070.0
2021-03-29 00:05:55,0.02,0.16699999999999998,3.0,177.0,188.0,1070.0
2021-03-29 00:06:55,0.02,0.16699999999999998,3.0,177.0,188.0,1070.0
2021-03-29 00:07:56,0.02,0.16699999999999998,3.0,177.0,188.0,1070.0
2021-03-29 00:08:56,0.02,0.16699999999999998,2.0,177.0,188.0,1070.0
2021-03-29 00:09:57,0.02,0.16699999999999998,3.0,177.0,189.0,1070.0
2021-03-29 00:10:57,0.02,0.16699999999999998,3.0,177.0,188.0,1070.0
2021-03-29 00:11:58,0.02,0.16699999999999998,3.0,177.0,188.0,1070.0
2021-03-29 00:12:58,0.02,0.16699999999999998,3.0,177.0,188.0,1070.0
2021-03-29 00:13:58,0.02,0.16699999999999998,3.0,177.0,188.0,1070.0
2021-03-29 00:14:59,0.02,0.16699999999999998,3.0,177.0,188.0,1070.0
2021-03-29 00:15:59,0.02,0.16699999999999998,3.0,177.0,188.0,1070.0
2021-03-29 00:16:59,0.02,0.16699999999999998,3.0,177.0,188.0,1070.0
2021-03-29 00:18:00,0.02,0.16699999999999998,3.0,177.0,188.0,1070.0
2021-03-29 00:19:00,0.02,0.16699999999999998,3.0,177.0,188.0,1070.0
2021-03-29 00:20:01,0.02,0.16699999999999998,2.0,177.0,188.0,1070.0
2021-03-29 00:21:01,0.02,0.16699999999999998,3.0,177.0,188.0,1070.0
2021-03-29 00:22:02,0.02,0.16699999999999998,3.0,177.0,188.0,1070.0
2021-03-29 00:23:02,0.02,0.16699999999999998,3.0,177.0,188.0,1070.0
2021-03-29 00:24:03,0.02,0.16699999999999998,3.0,177.0,188.0,1070.0
2021-03-29 00:25:03,0.02,0.16699999999999998,3.0,177.0,188.0,1070.0
2021-03-29 00:26:04,0.02,0.16699999999999998,3.0,177.0,188.0,1070.0
2021-03-29 00:27:04,0.02,0.16699999999999998,3.0,177.0,188.0,1070.0
2021-03-29 00:28:05,0.02,0.16699999999999998,3.0,177.0,188.0,1070.0
2021-03-29 00:29:05,0.02,0.16699999999999998,3.0,177.0,188.0,1070.0
2021-03-29 00:30:05,0.02,0.16699999999999998,3.0,177.0,188.0,1070.0
2021-03-29 00:31:06,0.02,0.16699999999999998,3.0,177.0,188.0,1070.0
2021-03-29 00:32:06,0.02,0.16699999999999998,3.0,177.0,188.0,1070.0
2021-03-29 00:33:07,0.02,0.16699999999999998,3.0,177.0,188.0,1070.0
2021-03-29 00:34:08,0.02,0.16699999999999998,3.0,177.0,188.0,1070.0
2021-03-29 00:35:08,0.02,0.16699999999999998,3.0,177.0,188.0,1070.0
2021-03-29 00:36:09,0.02,0.16699999999999998,3.0,177.0,188.0,1070.0
2021-03-29 00:37:09,0.02,0.16699999999999998,3.0,177.0,188.0,1070.0
2021-03-29 00:38:10,0.02,0.16699999999999998,3.0,177.0,188.0,1070.0
2021-03-29 00:39:10,0.02,0.16699999999999998,3.0,177.0,188.0,1070.0
2021-03-29 00:40:11,0.02,0.16699999999999998,3.0,177.0,188.0,1070.0
2021-03-29 00:41:11,0.02,0.16699999999999998,3.0,177.0,188.0,1070.0
2021-03-29 00:42:12,0.02,0.16699999999999998,3.0,177.0,188.0,1070.0
2021-03-29 00:43:12,0.02,0.16699999999999998,3.0,177.0,188.0,1070.0
2021-03-29 00:44:12,0.02,0.16699999999999998,3.0,177.0,188.0,1070.0
2021-03-29 00:45:13,0.02,0.16699999999999998,3.0,177.0,188.0,1070.0
2021-03-29 00:46:14,0.02,0.16699999999999998,3.0,177.0,188.0,1070.0
2021-03-29 00:47:14,0.02,0.16699999999999998,3.0,177.0,188.0,1070.0
2021-03-29 00:48:14,0.02,0.16699999999999998,3.0,177.0,188.0,1070.0
2021-03-29 00:49:15,0.02,0.16699999999999998,3.0,177.0,188.0,1070.0
2021-03-29 00:50:16,0.02,0.16699999999999998,3.0,177.0,188.0,1070.0
2021-03-29 00:51:16,0.02,0.16699999999999998,3.0,177.0,188.0,1070.0
2021-03-29 00:52:17,0.02,0.16699999999999998,3.0,177.0,188.0,1070.0
2021-03-29 00:53:17,0.02,0.16699999999999998,3.0,177.0,188.0,1070.0
2021-03-29 00:54:18,0.02,0.16699999999999998,3.0,177.0,188.0,1070.0
2021-03-29 00:55:18,0.02,0.16699999999999998,3.0,177.0,188.0,1070.0
2021-03-29 00:56:19,0.02,0.16699999999999998,3.0,177.0,188.0,1070.0
2021-03-29 00:57:19,0.02,0.16699999999999998,3.0,177.0,188.0,1070.0
2021-03-29 00:58:20,0.02,0.16699999999999998,3.0,177.0,188.0,1070.0
2021-03-29 00:59:20,0.02,0.16699999999999998,3.0,177.0,188.0,1070.0
2021-03-29 01:00:21,0.02,0.16699999999999998,3.0,177.0,188.0,1070.0
2021-03-29 01:01:21,0.02,0.16699999999999998,3.0,177.0,188.0,1070.0
2021-03-29 01:02:21,0.02,0.16699999999999998,3.0,177.0,188.0,1070.0
2021-03-29 01:03:22,0.02,0.16699999999999998,3.0,177.0,188.0,1070.0
2021-03-29 01:04:22,0.02,0.16699999999999998,3.0,177.0,188.0,1070.0
2021-03-29 01:05:23,0.02,0.16699999999999998,3.0,177.0,188.0,1070.0
2021-03-29 01:06:23,0.02,0.16699999999999998,3.0,177.0,188.0,1070.0
2021-03-29 01:07:24,0.02,0.16699999999999998,3.0,177.0,188.0,1070.0
2021-03-29 01:08:24,0.02,0.16699999999999998,3.0,177.0,188.0,1070.0
2021-03-29 01:09:24,0.02,0.16699999999999998,3.0,177.0,188.0,1070.0
2021-03-29 01:10:25,0.02,0.16699999999999998,3.0,177.0,188.0,1070.0
2021-03-29 01:11:25,0.02,0.16699999999999998,3.0,177.0,188.0,1070.0
2021-03-29 01:12:26,0.02,0.16699999999999998,3.0,177.0,188.0,1070.0
2021-03-29 01:13:26,0.02,0.16699999999999998,3.0,177.0,188.0,1070.0
2021-03-29 01:14:27,0.02,0.16699999999999998,3.0,177.0,188.0,1070.0
2021-03-29 01:15:27,0.02,0.16699999999999998,3.0,177.0,188.0,1070.0
2021-03-29 01:16:27,0.02,0.16699999999999998,3.0,177.0,188.0,1070.0
2021-03-29 01:17:28,0.02,0.168,3.0,177.0,188.0,1070.0
2021-03-29 01:18:28,0.02,0.16699999999999998,3.0,177.0,188.0,1070.0
2021-03-29 01:19:29,0.02,0.16699999999999998,3.0,177.0,188.0,1070.0
2021-03-29 01:20:29,0.02,0.168,3.0,177.0,188.0,1070.0
2021-03-29 01:21:30,0.02,0.168,3.0,177.0,188.0,1070.0
2021-03-29 01:22:31,0.02,0.168,3.0,177.0,188.0,1070.0
2021-03-29 01:23:31,0.02,0.168,3.0,177.0,188.0,1070.0
2021-03-29 01:24:31,0.02,0.168,3.0,177.0,188.0,1070.0
2021-03-29 01:25:32,0.02,0.168,3.0,177.0,188.0,1070.0
2021-03-29 01:26:32,0.02,0.16699999999999998,3.0,177.0,188.0,1070.0
2021-03-29 01:27:33,0.02,0.168,3.0,177.0,188.0,1070.0
2021-03-29 01:28:33,0.02,0.168,3.0,177.0,188.0,1070.0
2021-03-29 01:29:34,0.02,0.168,3.0,177.0,188.0,1070.0
2021-03-29 01:30:34,0.02,0.16699999999999998,3.0,177.0,188.0,1070.0
2021-03-29 01:31:35,0.02,0.16699999999999998,3.0,177.0,188.0,1070.0
2021-03-29 01:32:35,0.02,0.16699999999999998,3.0,177.0,188.0,1070.0
2021-03-29 01:33:35,0.02,0.16699999999999998,3.0,177.0,188.0,1070.0
2021-03-29 01:34:36,0.02,0.16699999999999998,3.0,177.0,188.0,1070.0
2021-03-29 01:35:36,0.02,0.168,3.0,177.0,188.0,1070.0
2021-03-29 01:36:37,0.02,0.168,3.0,177.0,188.0,1070.0
2021-03-29 01:37:37,0.02,0.16699999999999998,3.0,177.0,188.0,1070.0
2021-03-29 01:38:38,0.02,0.168,3.0,177.0,188.0,1070.0
2021-03-29 01:39:38,0.02,0.168,3.0,177.0,188.0,1070.0
2021-03-29 01:40:39,0.02,0.168,2.0,177.0,188.0,1070.0
2021-03-29 01:41:39,0.02,0.168,3.0,177.0,188.0,1070.0
2021-03-29 01:42:40,0.02,0.16699999999999998,3.0,177.0,188.0,1070.0
2021-03-29 01:43:40,0.02,0.168,3.0,177.0,188.0,1070.0
2021-03-29 01:44:41,0.02,0.168,3.0,177.0,188.0,1070.0
2021-03-29 01:45:41,0.02,0.16699999999999998,3.0,177.0,188.0,1070.0
2021-03-29 01:46:42,0.02,0.16699999999999998,3.0,177.0,188.0,1070.0
2021-03-29 01:47:42,0.02,0.16699999999999998,3.0,177.0,188.0,1070.0
2021-03-29 01:48:42,0.02,0.168,3.0,177.0,188.0,1070.0
2021-03-29 01:49:43,0.02,0.168,3.0,177.0,188.0,1070.0
2021-03-29 01:50:44,0.02,0.168,3.0,177.0,188.0,1070.0
2021-03-29 01:51:44,0.02,0.16699999999999998,3.0,177.0,188.0,1070.0
2021-03-29 01:52:45,0.02,0.168,3.0,177.0,188.0,1070.0
2021-03-29 01:53:45,0.02,0.16699999999999998,3.0,177.0,188.0,1070.0
2021-03-29 01:54:46,0.02,0.168,3.0,177.0,188.0,1070.0
2021-03-29 01:55:46,0.02,0.16699999999999998,3.0,177.0,188.0,1070.0
2021-03-29 01:56:46,0.02,0.16699999999999998,3.0,177.0,188.0,1070.0
2021-03-29 01:57:47,0.02,0.168,3.0,177.0,188.0,1070.0
2021-03-29 01:58:47,0.02,0.16699999999999998,3.0,177.0,188.0,1070.0
2021-03-29 01:59:48,0.02,0.16699999999999998,3.0,177.0,188.0,1070.0
2021-03-29 02:00:48,0.02,0.16699999999999998,3.0,177.0,188.0,1070.0
2021-03-29 02:01:49,0.02,0.168,3.0,176.0,188.0,1070.0
2021-03-29 02:02:49,0.02,0.168,3.0,177.0,188.0,1070.0
2021-03-29 02:03:50,0.02,0.16699999999999998,3.0,176.0,188.0,1070.0
2021-03-29 02:04:50,0.02,0.168,3.0,176.0,188.0,1070.0
2021-03-29 02:05:51,0.02,0.168,3.0,177.0,188.0,1070.0
2021-03-29 02:06:51,0.02,0.168,3.0,177.0,188.0,1070.0
2021-03-29 02:07:52,0.02,0.168,3.0,177.0,188.0,1070.0
2021-03-29 02:08:52,0.02,0.16699999999999998,3.0,177.0,188.0,1070.0
2021-03-29 02:09:53,0.02,0.168,3.0,176.0,188.0,1070.0
2021-03-29 02:10:53,0.02,0.168,3.0,176.0,188.0,1070.0
2021-03-29 02:11:53,0.02,0.168,3.0,176.0,188.0,1070.0
2021-03-29 02:12:54,0.02,0.16699999999999998,3.0,177.0,188.0,1070.0
2021-03-29 02:13:55,0.02,0.16699999999999998,3.0,176.0,188.0,1070.0
2021-03-29 02:14:55,0.02,0.16699999999999998,3.0,177.0,188.0,1070.0
2021-03-29 02:15:55,0.02,0.168,3.0,176.0,188.0,1070.0
2021-03-29 02:16:56,0.02,0.168,3.0,176.0,188.0,1070.0
2021-03-29 02:17:56,0.02,0.168,3.0,176.0,188.0,1070.0
2021-03-29 02:18:57,0.02,0.168,3.0,177.0,188.0,1070.0
2021-03-29 02:19:57,0.02,0.168,3.0,176.0,188.0,1070.0
2021-03-29 02:20:58,0.02,0.168,3.0,176.0,188.0,1070.0
2021-03-29 02:21:58,0.02,0.168,3.0,176.0,188.0,1070.0
2021-03-29 02:22:59,0.02,0.168,3.0,176.0,188.0,1070.0
2021-03-29 02:23:59,0.02,0.168,3.0,177.0,188.0,1070.0
2021-03-29 02:25:00,0.02,0.168,3.0,177.0,188.0,1070.0
2021-03-29 02:26:00,0.02,0.168,3.0,176.0,188.0,1070.0
2021-03-29 02:27:01,0.02,0.168,3.0,176.0,188.0,1070.0
2021-03-29 02:28:01,0.02,0.168,3.0,176.0,188.0,1070.0
2021-03-29 02:29:01,0.02,0.168,3.0,176.0,188.0,1070.0
2021-03-29 02:30:02,0.02,0.168,3.0,176.0,188.0,1070.0
2021-03-29 02:31:03,0.02,0.168,3.0,177.0,188.0,1070.0
2021-03-29 02:32:03,0.02,0.168,3.0,176.0,188.0,1070.0
2021-03-29 02:33:04,0.02,0.168,3.0,176.0,188.0,1070.0
2021-03-29 02:34:04,0.02,0.168,3.0,177.0,188.0,1070.0
2021-03-29 02:35:05,0.02,0.168,3.0,176.0,188.0,1070.0
2021-03-29 02:36:05,0.02,0.168,3.0,176.0,188.0,1070.0
2021-03-29 02:37:06,0.02,0.168,2.0,176.0,188.0,1070.0
2021-03-29 02:38:07,0.02,0.168,3.0,176.0,188.0,1070.0
2021-03-29 02:39:07,0.02,0.168,3.0,176.0,188.0,1070.0
2021-03-29 02:40:07,0.02,0.168,3.0,176.0,188.0,1070.0
2021-03-29 02:41:08,0.02,0.168,3.0,176.0,188.0,1070.0
2021-03-29 02:42:08,0.02,0.168,3.0,176.0,188.0,1070.0
2021-03-29 02:43:09,0.02,0.168,3.0,176.0,188.0,1070.0
2021-03-29 02:44:09,0.02,0.168,3.0,176.0,188.0,1070.0
2021-03-29 02:45:10,0.02,0.168,3.0,177.0,188.0,1070.0
2021-03-29 02:46:10,0.02,0.168,3.0,176.0,188.0,1070.0
2021-03-29 02:47:10,0.02,0.168,3.0,177.0,188.0,1070.0
2021-03-29 02:48:11,0.02,0.168,3.0,176.0,188.0,1070.0
2021-03-29 02:49:11,0.02,0.168,3.0,176.0,188.0,1070.0
2021-03-29 02:50:12,0.02,0.168,3.0,176.0,188.0,1070.0
2021-03-29 02:51:12,0.02,0.168,3.0,176.0,188.0,1070.0
2021-03-29 02:52:13,0.02,0.168,3.0,176.0,188.0,1070.0
2021-03-29 02:53:13,0.02,0.168,3.0,176.0,188.0,1070.0
2021-03-29 02:54:14,0.02,0.168,3.0,176.0,188.0,1070.0
2021-03-29 02:55:14,0.02,0.168,3.0,176.0,188.0,1070.0
2021-03-29 02:56:15,0.02,0.168,3.0,176.0,188.0,1070.0
2021-03-29 02:57:15,0.02,0.168,3.0,176.0,188.0,1070.0
2021-03-29 02:58:16,0.02,0.168,3.0,177.0,188.0,1070.0
2021-03-29 02:59:16,0.02,0.168,3.0,176.0,188.0,1070.0
2021-03-29 03:00:17,0.02,0.168,3.0,176.0,188.0,1070.0
2021-03-29 03:01:17,0.02,0.168,3.0,176.0,188.0,1070.0
2021-03-29 03:02:17,0.02,0.168,3.0,176.0,188.0,1070.0
2021-03-29 03:03:18,0.02,0.168,3.0,176.0,188.0,1070.0
2021-03-29 03:04:18,0.02,0.168,3.0,176.0,188.0,1070.0
2021-03-29 03:05:19,0.02,0.168,3.0,176.0,188.0,1070.0
2021-03-29 03:06:19,0.02,0.168,3.0,176.0,188.0,1070.0
2021-03-29 03:07:19,0.02,0.168,3.0,177.0,188.0,1070.0
2021-03-29 03:08:20,0.02,0.168,3.0,176.0,188.0,1070.0
2021-03-29 03:09:20,0.02,0.168,3.0,176.0,188.0,1070.0
2021-03-29 03:10:21,0.02,0.168,3.0,176.0,188.0,1070.0
2021-03-29 03:11:21,0.02,0.168,3.0,176.0,188.0,1070.0
2021-03-29 03:12:22,0.02,0.168,3.0,176.0,188.0,1070.0
2021-03-29 03:13:22,0.02,0.168,3.0,176.0,188.0,1070.0
2021-03-29 03:14:23,0.02,0.168,3.0,176.0,188.0,1070.0
2021-03-29 03:15:23,0.02,0.168,3.0,176.0,188.0,1070.0
2021-03-29 03:16:24,0.02,0.168,3.0,176.0,187.0,1070.0
2021-03-29 03:17:24,0.02,0.168,3.0,176.0,188.0,1070.0
2021-03-29 03:18:25,0.02,0.168,3.0,176.0,188.0,1070.0
2021-03-29 03:19:26,0.02,0.168,3.0,176.0,188.0,1070.0
2021-03-29 03:20:26,0.02,0.168,3.0,176.0,188.0,1070.0
2021-03-29 03:21:27,0.02,0.168,3.0,176.0,188.0,1070.0
2021-03-29 03:22:27,0.02,0.168,3.0,176.0,188.0,1070.0
2021-03-29 03:23:27,0.02,0.168,3.0,176.0,188.0,1070.0
2021-03-29 03:24:28,0.02,0.168,3.0,177.0,187.0,1070.0
2021-03-29 03:25:28,0.02,0.168,3.0,176.0,188.0,1070.0
2021-03-29 03:26:29,0.02,0.168,3.0,176.0,188.0,1070.0
2021-03-29 03:27:29,0.02,0.168,3.0,176.0,188.0,1070.0
2021-03-29 03:28:30,0.02,0.168,2.0,177.0,187.0,1070.0
2021-03-29 03:29:30,0.02,0.168,3.0,176.0,187.0,1070.0
2021-03-29 03:30:31,0.02,0.168,3.0,176.0,188.0,1070.0
2021-03-29 03:31:31,0.02,0.168,3.0,176.0,188.0,1070.0
2021-03-29 03:32:31,0.02,0.16899999999999998,3.0,176.0,187.0,1070.0
2021-03-29 03:33:32,0.02,0.168,3.0,176.0,187.0,1070.0
2021-03-29 03:34:32,0.02,0.168,3.0,176.0,187.0,1070.0
2021-03-29 03:35:33,0.02,0.168,3.0,176.0,187.0,1070.0
2021-03-29 03:36:33,0.02,0.168,3.0,176.0,188.0,1070.0
2021-03-29 03:37:34,0.02,0.168,3.0,176.0,187.0,1070.0
2021-03-29 03:38:34,0.02,0.168,3.0,176.0,187.0,1070.0
2021-03-29 03:39:35,0.02,0.168,3.0,176.0,187.0,1070.0
2021-03-29 03:40:35,0.02,0.168,3.0,176.0,187.0,1070.0
2021-03-29 03:41:36,0.02,0.168,3.0,176.0,188.0,1070.0
2021-03-29 03:42:36,0.02,0.168,3.0,176.0,187.0,1070.0
2021-03-29 03:43:37,0.02,0.168,3.0,176.0,188.0,1070.0
2021-03-29 03:44:37,0.02,0.168,3.0,176.0,187.0,1070.0
2021-03-29 03:45:38,0.02,0.168,3.0,176.0,188.0,1070.0
2021-03-29 03:46:38,0.02,0.168,3.0,176.0,188.0,1070.0
2021-03-29 03:47:39,0.02,0.168,3.0,176.0,187.0,1070.0
2021-03-29 03:48:39,0.02,0.168,3.0,176.0,188.0,1070.0
2021-03-29 03:49:40,0.02,0.168,3.0,176.0,187.0,1070.0
2021-03-29 03:50:40,0.02,0.168,3.0,176.0,187.0,1070.0
2021-03-29 03:51:40,0.02,0.168,3.0,176.0,188.0,1070.0
2021-03-29 03:52:41,0.02,0.168,3.0,176.0,187.0,1070.0
2021-03-29 03:53:41,0.02,0.168,3.0,176.0,187.0,1070.0
2021-03-29 03:54:42,0.02,0.168,3.0,176.0,188.0,1070.0
2021-03-29 03:55:42,0.02,0.168,3.0,176.0,187.0,1070.0
2021-03-29 03:56:43,0.02,0.168,3.0,176.0,188.0,1070.0
2021-03-29 03:57:43,0.02,0.168,3.0,176.0,187.0,1070.0
2021-03-29 03:58:44,0.02,0.168,3.0,176.0,188.0,1070.0
2021-03-29 03:59:44,0.02,0.168,3.0,176.0,188.0,1070.0
2021-03-29 04:00:45,0.02,0.168,3.0,176.0,187.0,1070.0
2021-03-29 04:01:45,0.02,0.168,3.0,176.0,187.0,1070.0
2021-03-29 04:02:45,0.02,0.168,3.0,176.0,188.0,1070.0
2021-03-29 04:03:46,0.02,0.168,3.0,176.0,188.0,1070.0
2021-03-29 04:04:46,0.02,0.168,3.0,176.0,187.0,1070.0
2021-03-29 04:05:47,0.02,0.168,3.0,176.0,187.0,1070.0
2021-03-29 04:06:47,0.02,0.168,3.0,176.0,187.0,1070.0
2021-03-29 04:07:48,0.02,0.168,3.0,176.0,187.0,1070.0
2021-03-29 04:08:48,0.02,0.168,3.0,176.0,188.0,1070.0
2021-03-29 04:09:49,0.02,0.168,3.0,176.0,187.0,1070.0
2021-03-29 04:10:49,0.02,0.168,2.0,176.0,187.0,1070.0
2021-03-29 04:11:49,0.02,0.16899999999999998,3.0,176.0,187.0,1070.0
2021-03-29 04:12:50,0.02,0.168,3.0,176.0,187.0,1070.0
2021-03-29 04:13:50,0.02,0.168,3.0,176.0,188.0,1070.0
2021-03-29 04:14:51,0.02,0.168,3.0,176.0,187.0,1070.0
2021-03-29 04:15:51,0.02,0.16899999999999998,3.0,176.0,188.0,1070.0
2021-03-29 04:16:52,0.02,0.168,3.0,176.0,187.0,1070.0
2021-03-29 04:17:53,0.02,0.16899999999999998,3.0,176.0,187.0,1070.0
2021-03-29 04:18:53,0.02,0.168,3.0,176.0,188.0,1070.0
2021-03-29 04:19:53,0.02,0.168,3.0,176.0,187.0,1070.0
2021-03-29 04:20:54,0.02,0.168,3.0,176.0,187.0,1070.0
2021-03-29 04:21:54,0.02,0.16899999999999998,3.0,176.0,187.0,1070.0
2021-03-29 04:22:55,0.02,0.16899999999999998,3.0,176.0,187.0,1070.0
2021-03-29 04:23:55,0.02,0.168,3.0,176.0,187.0,1070.0
2021-03-29 04:24:55,0.02,0.16899999999999998,3.0,176.0,187.0,1070.0
2021-03-29 04:25:56,0.02,0.168,3.0,176.0,187.0,1070.0
2021-03-29 04:26:56,0.02,0.168,3.0,176.0,187.0,1070.0
2021-03-29 04:27:57,0.02,0.168,3.0,176.0,187.0,1070.0
2021-03-29 04:28:57,0.02,0.168,3.0,176.0,187.0,1070.0
2021-03-29 04:29:58,0.02,0.168,3.0,176.0,187.0,1070.0
2021-03-29 04:30:58,0.02,0.168,3.0,176.0,187.0,1070.0
2021-03-29 04:31:59,0.02,0.168,3.0,176.0,187.0,1070.0
2021-03-29 04:32:59,0.02,0.16899999999999998,3.0,176.0,187.0,1070.0
2021-03-29 04:34:00,0.02,0.168,3.0,176.0,187.0,1070.0
2021-03-29 04:35:00,0.02,0.16899999999999998,3.0,176.0,187.0,1070.0
2021-03-29 04:36:01,0.02,0.168,3.0,176.0,187.0,1070.0
2021-03-29 04:37:02,0.02,0.168,3.0,176.0,187.0,1070.0
2021-03-29 04:38:02,0.02,0.168,3.0,176.0,187.0,1070.0
2021-03-29 04:39:02,0.02,0.16899999999999998,3.0,176.0,187.0,1070.0
2021-03-29 04:40:03,0.02,0.168,3.0,176.0,187.0,1070.0
2021-03-29 04:41:03,0.02,0.168,3.0,176.0,187.0,1070.0
2021-03-29 04:42:04,0.02,0.16899999999999998,3.0,176.0,187.0,1070.0
2021-03-29 04:43:04,0.02,0.168,3.0,176.0,187.0,1070.0
2021-03-29 04:44:05,0.02,0.168,3.0,176.0,187.0,1070.0
2021-03-29 04:45:05,0.02,0.168,3.0,176.0,187.0,1070.0
2021-03-29 04:46:06,0.02,0.168,2.0,176.0,187.0,1070.0
2021-03-29 04:47:07,0.02,0.16899999999999998,3.0,176.0,187.0,1070.0
2021-03-29 04:48:07,0.02,0.16899999999999998,2.0,176.0,187.0,1070.0
2021-03-29 04:49:07,0.02,0.168,3.0,176.0,187.0,1070.0
2021-03-29 04:50:08,0.02,0.168,3.0,176.0,187.0,1070.0
2021-03-29 04:51:08,0.02,0.168,3.0,176.0,187.0,1070.0
2021-03-29 04:52:09,0.02,0.168,3.0,176.0,187.0,1070.0
2021-03-29 04:53:09,0.02,0.168,3.0,176.0,187.0,1070.0
2021-03-29 04:54:10,0.02,0.16899999999999998,3.0,176.0,187.0,1070.0
2021-03-29 04:55:10,0.02,0.168,3.0,176.0,187.0,1070.0
2021-03-29 04:56:11,0.02,0.168,3.0,176.0,187.0,1070.0
2021-03-29 04:57:11,0.02,0.16899999999999998,3.0,176.0,187.0,1070.0
2021-03-29 04:58:12,0.02,0.16899999999999998,3.0,176.0,187.0,1070.0
2021-03-29 04:59:12,0.02,0.168,3.0,176.0,187.0,1070.0
2021-03-29 05:00:13,0.02,0.16899999999999998,3.0,176.0,187.0,1070.0
2021-03-29 05:01:13,0.02,0.168,3.0,176.0,187.0,1070.0
2021-03-29 05:02:13,0.02,0.16899999999999998,3.0,176.0,187.0,1070.0
2021-03-29 05:03:14,0.02,0.168,3.0,176.0,187.0,1070.0
2021-03-29 05:04:14,0.02,0.168,3.0,176.0,187.0,1070.0
2021-03-29 05:05:15,0.02,0.16899999999999998,3.0,176.0,187.0,1070.0
2021-03-29 05:06:15,0.02,0.16899999999999998,3.0,176.0,187.0,1070.0
2021-03-29 05:07:16,0.02,0.16899999999999998,3.0,176.0,187.0,1070.0
2021-03-29 05:08:16,0.02,0.16899999999999998,3.0,176.0,187.0,1070.0
2021-03-29 05:09:17,0.02,0.16899999999999998,3.0,176.0,187.0,1070.0
2021-03-29 05:10:17,0.02,0.16899999999999998,3.0,176.0,187.0,1070.0
2021-03-29 05:11:17,0.02,0.16899999999999998,3.0,176.0,187.0,1070.0
2021-03-29 05:12:18,0.02,0.16899999999999998,3.0,176.0,187.0,1070.0
2021-03-29 05:13:18,0.02,0.16899999999999998,3.0,176.0,187.0,1070.0
2021-03-29 05:14:19,0.02,0.16899999999999998,3.0,176.0,187.0,1070.0
2021-03-29 05:15:19,0.02,0.16899999999999998,3.0,176.0,187.0,1070.0
2021-03-29 05:16:19,0.02,0.16899999999999998,3.0,176.0,187.0,1070.0
2021-03-29 05:17:20,0.02,0.16899999999999998,3.0,176.0,187.0,1070.0
2021-03-29 05:18:20,0.02,0.16899999999999998,3.0,176.0,187.0,1070.0
2021-03-29 05:19:21,0.02,0.16899999999999998,3.0,176.0,187.0,1070.0
2021-03-29 05:20:21,0.02,0.16899999999999998,3.0,176.0,187.0,1070.0
2021-03-29 05:21:22,0.02,0.16899999999999998,3.0,176.0,187.0,1070.0
2021-03-29 05:22:22,0.02,0.16899999999999998,3.0,176.0,187.0,1070.0
2021-03-29 05:23:23,0.02,0.16899999999999998,3.0,176.0,187.0,1070.0
2021-03-29 05:24:23,0.02,0.16899999999999998,3.0,176.0,187.0,1070.0
2021-03-29 05:25:23,0.02,0.16899999999999998,3.0,176.0,187.0,1070.0
2021-03-29 05:26:24,0.02,0.16899999999999998,3.0,176.0,187.0,1070.0
2021-03-29 05:27:24,0.02,0.16899999999999998,3.0,176.0,187.0,1070.0
2021-03-29 05:28:25,0.02,0.16899999999999998,3.0,176.0,187.0,1070.0
2021-03-29 05:29:25,0.02,0.16899999999999998,3.0,176.0,187.0,1070.0
2021-03-29 05:30:26,0.02,0.16899999999999998,3.0,176.0,187.0,1070.0
2021-03-29 05:31:26,0.02,0.16899999999999998,3.0,176.0,187.0,1070.0
2021-03-29 05:32:27,0.02,0.16899999999999998,3.0,176.0,187.0,1070.0
2021-03-29 05:33:27,0.02,0.16899999999999998,3.0,176.0,187.0,1070.0
2021-03-29 05:34:28,0.02,0.16899999999999998,3.0,176.0,187.0,1070.0
2021-03-29 05:35:28,0.02,0.16899999999999998,3.0,176.0,187.0,1070.0
2021-03-29 05:36:28,0.02,0.16899999999999998,3.0,176.0,187.0,1070.0
2021-03-29 05:37:29,0.02,0.16899999999999998,3.0,176.0,187.0,1070.0
2021-03-29 05:38:29,0.02,0.16899999999999998,3.0,176.0,187.0,1070.0
2021-03-29 05:39:30,0.02,0.16899999999999998,3.0,176.0,187.0,1070.0
2021-03-29 05:40:30,0.02,0.16899999999999998,3.0,176.0,187.0,1070.0
2021-03-29 05:41:31,0.02,0.16899999999999998,3.0,176.0,187.0,1070.0
2021-03-29 05:42:31,0.02,0.16899999999999998,3.0,176.0,187.0,1070.0
2021-03-29 05:43:32,0.02,0.16899999999999998,3.0,176.0,187.0,1070.0
2021-03-29 05:44:32,0.02,0.16899999999999998,3.0,176.0,187.0,1070.0
2021-03-29 05:45:33,0.02,0.16899999999999998,3.0,176.0,187.0,1070.0
2021-03-29 05:46:33,0.02,0.16899999999999998,3.0,176.0,187.0,1070.0
2021-03-29 05:47:34,0.02,0.16899999999999998,3.0,176.0,187.0,1070.0
2021-03-29 05:48:34,0.02,0.16899999999999998,3.0,176.0,187.0,1070.0
2021-03-29 05:49:35,0.02,0.16899999999999998,3.0,176.0,187.0,1070.0
2021-03-29 05:50:35,0.02,0.16899999999999998,2.0,176.0,187.0,1070.0
2021-03-29 05:51:35,0.02,0.16899999999999998,3.0,176.0,187.0,1070.0
2021-03-29 05:52:36,0.02,0.16899999999999998,3.0,176.0,187.0,1070.0
2021-03-29 05:53:36,0.02,0.16899999999999998,3.0,176.0,187.0,1070.0
2021-03-29 05:54:37,0.02,0.16899999999999998,3.0,176.0,187.0,1070.0
2021-03-29 05:55:37,0.02,0.16899999999999998,3.0,176.0,187.0,1070.0
2021-03-29 05:56:38,0.02,0.16899999999999998,3.0,176.0,187.0,1070.0
2021-03-29 05:57:38,0.02,0.16899999999999998,3.0,176.0,187.0,1070.0
2021-03-29 05:58:39,0.02,0.16899999999999998,3.0,176.0,187.0,1070.0
2021-03-29 05:59:39,0.02,0.16899999999999998,3.0,176.0,187.0,1070.0
2021-03-29 06:00:40,0.02,0.16899999999999998,3.0,176.0,187.0,1070.0
2021-03-29 06:01:40,0.02,0.16899999999999998,3.0,176.0,187.0,1070.0
2021-03-29 06:02:41,0.02,0.16899999999999998,2.0,176.0,187.0,1070.0
2021-03-29 06:03:41,0.02,0.16899999999999998,3.0,176.0,187.0,1070.0
2021-03-29 06:04:41,0.02,0.16899999999999998,3.0,176.0,187.0,1070.0
2021-03-29 06:05:42,0.02,0.16899999999999998,3.0,176.0,187.0,1070.0
2021-03-29 06:06:42,0.02,0.16899999999999998,3.0,176.0,187.0,1070.0
2021-03-29 06:07:43,0.02,0.16899999999999998,3.0,176.0,187.0,1070.0
2021-03-29 06:08:43,0.02,0.16899999999999998,3.0,176.0,187.0,1070.0
2021-03-29 06:09:44,0.02,0.16899999999999998,3.0,176.0,187.0,1070.0
2021-03-29 06:10:44,0.02,0.16899999999999998,3.0,176.0,187.0,1070.0
2021-03-29 06:11:45,0.02,0.16899999999999998,3.0,176.0,187.0,1070.0
2021-03-29 06:12:45,0.02,0.16899999999999998,3.0,176.0,186.0,1070.0
2021-03-29 06:13:46,0.02,0.16899999999999998,3.0,176.0,187.0,1070.0
2021-03-29 06:14:46,0.02,0.16899999999999998,3.0,176.0,187.0,1070.0
2021-03-29 06:15:47,0.02,0.16899999999999998,3.0,176.0,187.0,1070.0
2021-03-29 06:16:47,0.02,0.16899999999999998,3.0,176.0,187.0,1070.0
2021-03-29 06:17:48,0.02,0.16899999999999998,3.0,176.0,187.0,1070.0
2021-03-29 06:18:48,0.02,0.16899999999999998,3.0,176.0,186.0,1070.0
2021-03-29 06:19:49,0.02,0.16899999999999998,3.0,176.0,187.0,1070.0
2021-03-29 06:20:49,0.02,0.16899999999999998,3.0,176.0,187.0,1070.0
2021-03-29 06:21:50,0.02,0.16899999999999998,3.0,176.0,187.0,1070.0
2021-03-29 06:22:50,0.02,0.16899999999999998,3.0,176.0,186.0,1070.0
2021-03-29 06:23:51,0.02,0.16899999999999998,3.0,176.0,187.0,1070.0
2021-03-29 06:24:51,0.02,0.16899999999999998,3.0,176.0,187.0,1070.0
2021-03-29 06:25:52,0.02,0.16899999999999998,3.0,176.0,187.0,1070.0
2021-03-29 06:26:52,0.02,0.16899999999999998,3.0,176.0,187.0,1070.0
2021-03-29 06:27:53,0.02,0.16899999999999998,3.0,176.0,187.0,1070.0
2021-03-29 06:28:53,0.02,0.16899999999999998,3.0,176.0,187.0,1070.0
2021-03-29 06:29:54,0.02,0.16899999999999998,3.0,176.0,187.0,1070.0
2021-03-29 06:30:54,0.02,0.16899999999999998,3.0,176.0,186.0,1070.0
2021-03-29 06:31:54,0.02,0.16899999999999998,3.0,176.0,187.0,1070.0
2021-03-29 06:32:55,0.02,0.16899999999999998,3.0,176.0,187.0,1070.0
2021-03-29 06:33:55,0.02,0.16899999999999998,3.0,176.0,187.0,1070.0
2021-03-29 06:34:56,0.02,0.16899999999999998,3.0,176.0,187.0,1070.0
2021-03-29 06:35:56,0.02,0.16899999999999998,3.0,176.0,187.0,1070.0
2021-03-29 06:36:56,0.02,0.16899999999999998,3.0,176.0,187.0,1070.0
2021-03-29 06:37:57,0.02,0.16899999999999998,3.0,176.0,187.0,1070.0
2021-03-29 06:38:57,0.02,0.16899999999999998,3.0,176.0,187.0,1070.0
2021-03-29 06:39:58,0.02,0.16899999999999998,3.0,176.0,187.0,1070.0
2021-03-29 06:40:58,0.02,0.16899999999999998,2.0,176.0,187.0,1070.0
2021-03-29 06:41:59,0.02,0.16899999999999998,2.0,176.0,187.0,1070.0
2021-03-29 06:42:59,0.02,0.16899999999999998,3.0,176.0,187.0,1070.0
2021-03-29 06:44:00,0.02,0.16899999999999998,3.0,176.0,187.0,1070.0
2021-03-29 06:45:00,0.02,0.16899999999999998,3.0,176.0,187.0,1070.0
2021-03-29 06:46:01,0.02,0.16899999999999998,3.0,176.0,187.0,1070.0
2021-03-29 06:47:01,0.02,0.16899999999999998,3.0,176.0,187.0,1070.0
2021-03-29 06:48:02,0.02,0.16899999999999998,3.0,176.0,187.0,1070.0
2021-03-29 06:49:02,0.02,0.16899999999999998,3.0,176.0,187.0,1070.0
2021-03-29 06:50:02,0.02,0.16899999999999998,3.0,176.0,187.0,1070.0
2021-03-29 06:51:03,0.02,0.168,3.0,176.0,187.0,1070.0
2021-03-29 06:52:03,0.02,0.16899999999999998,3.0,176.0,187.0,1070.0
2021-03-29 06:53:04,0.02,0.16899999999999998,3.0,176.0,187.0,1070.0
2021-03-29 06:54:04,0.02,0.16899999999999998,3.0,176.0,187.0,1070.0
2021-03-29 06:55:05,0.02,0.16899999999999998,3.0,176.0,186.0,1070.0
2021-03-29 06:56:06,0.02,0.16899999999999998,3.0,176.0,187.0,1070.0
2021-03-29 06:57:06,0.02,0.16899999999999998,3.0,176.0,187.0,1070.0
2021-03-29 06:58:06,0.02,0.16899999999999998,3.0,176.0,187.0,1070.0
2021-03-29 06:59:07,0.02,0.16899999999999998,3.0,176.0,187.0,1070.0
2021-03-29 07:00:07,0.02,0.16899999999999998,3.0,176.0,187.0,1070.0
2021-03-29 07:01:08,0.02,0.16899999999999998,3.0,176.0,186.0,1070.0
2021-03-29 07:02:08,0.02,0.16899999999999998,3.0,176.0,187.0,1070.0
2021-03-29 07:03:09,0.02,0.16899999999999998,3.0,176.0,187.0,1070.0
2021-03-29 07:04:09,0.02,0.16899999999999998,3.0,176.0,186.0,1070.0
2021-03-29 07:05:10,0.02,0.16899999999999998,3.0,176.0,187.0,1070.0
2021-03-29 07:06:10,0.02,0.16899999999999998,3.0,176.0,186.0,1070.0
2021-03-29 07:07:11,0.02,0.16899999999999998,3.0,176.0,187.0,1070.0
2021-03-29 07:08:11,0.02,0.16899999999999998,3.0,176.0,187.0,1070.0
2021-03-29 07:09:12,0.02,0.16899999999999998,3.0,176.0,186.0,1070.0
2021-03-29 07:10:12,0.02,0.16899999999999998,3.0,176.0,186.0,1070.0
2021-03-29 07:11:12,0.02,0.16899999999999998,3.0,176.0,187.0,1070.0
2021-03-29 07:12:13,0.02,0.16899999999999998,3.0,176.0,187.0,1070.0
2021-03-29 07:13:13,0.02,0.16899999999999998,3.0,176.0,187.0,1070.0
2021-03-29 07:14:14,0.02,0.16899999999999998,3.0,176.0,186.0,1070.0
2021-03-29 07:15:14,0.02,0.16899999999999998,3.0,176.0,186.0,1070.0
2021-03-29 07:16:15,0.02,0.16899999999999998,3.0,176.0,186.0,1070.0
2021-03-29 07:17:15,0.02,0.16899999999999998,3.0,176.0,186.0,1070.0
2021-03-29 07:18:16,0.02,0.16899999999999998,3.0,176.0,186.0,1070.0
2021-03-29 07:19:16,0.02,0.16899999999999998,3.0,176.0,186.0,1070.0
2021-03-29 07:20:17,0.02,0.16899999999999998,3.0,176.0,186.0,1070.0
2021-03-29 07:21:17,0.02,0.16899999999999998,3.0,176.0,186.0,1070.0
2021-03-29 07:22:18,0.02,0.16899999999999998,3.0,176.0,186.0,1070.0
2021-03-29 07:23:18,0.02,0.16899999999999998,3.0,176.0,186.0,1070.0
2021-03-29 07:24:18,0.02,0.16899999999999998,3.0,176.0,186.0,1070.0
2021-03-29 07:25:19,0.02,0.16899999999999998,3.0,176.0,186.0,1070.0
2021-03-29 07:26:19,0.02,0.16899999999999998,2.0,176.0,186.0,1070.0
2021-03-29 07:27:20,0.02,0.16899999999999998,3.0,176.0,186.0,1070.0
2021-03-29 07:28:21,0.02,0.16899999999999998,3.0,176.0,186.0,1070.0
2021-03-29 07:29:21,0.02,0.16899999999999998,3.0,176.0,186.0,1070.0
2021-03-29 07:30:22,0.02,0.16899999999999998,3.0,176.0,186.0,1070.0
2021-03-29 07:31:22,0.02,0.16899999999999998,3.0,176.0,186.0,1070.0
2021-03-29 07:32:22,0.02,0.16899999999999998,3.0,176.0,186.0,1070.0
2021-03-29 07:33:23,0.02,0.16899999999999998,3.0,176.0,186.0,1070.0
2021-03-29 07:34:24,0.02,0.16899999999999998,2.0,176.0,186.0,1070.0
2021-03-29 07:35:24,0.02,0.16899999999999998,2.0,176.0,186.0,1070.0
2021-03-29 07:36:24,0.02,0.16899999999999998,3.0,176.0,186.0,1070.0
2021-03-29 07:37:25,0.02,0.16899999999999998,3.0,176.0,186.0,1070.0
2021-03-29 07:38:25,0.02,0.16899999999999998,3.0,176.0,186.0,1070.0
2021-03-29 07:39:26,0.02,0.16899999999999998,3.0,176.0,186.0,1070.0
2021-03-29 07:40:26,0.02,0.16899999999999998,3.0,176.0,187.0,1070.0
2021-03-29 07:41:26,0.02,0.16899999999999998,3.0,176.0,186.0,1070.0
2021-03-29 07:42:27,0.02,0.16899999999999998,3.0,176.0,186.0,1070.0
2021-03-29 07:43:28,0.02,0.16899999999999998,3.0,176.0,186.0,1070.0
2021-03-29 07:44:28,0.02,0.16899999999999998,3.0,176.0,187.0,1070.0
2021-03-29 07:45:29,0.02,0.16899999999999998,3.0,176.0,186.0,1070.0
2021-03-29 07:46:29,0.02,0.16899999999999998,2.0,176.0,186.0,1070.0
2021-03-29 07:47:29,0.02,0.16899999999999998,3.0,176.0,186.0,1070.0
2021-03-29 07:48:30,0.02,0.16899999999999998,3.0,176.0,186.0,1070.0
2021-03-29 07:49:30,0.02,0.16899999999999998,3.0,176.0,186.0,1070.0
2021-03-29 07:50:31,0.02,0.16899999999999998,2.0,176.0,187.0,1070.0
2021-03-29 07:51:31,0.02,0.16899999999999998,3.0,176.0,187.0,1070.0
2021-03-29 07:52:32,0.02,0.16899999999999998,2.0,176.0,186.0,1070.0
2021-03-29 07:53:32,0.02,0.16899999999999998,3.0,176.0,187.0,1070.0
2021-03-29 07:54:33,0.02,0.16899999999999998,3.0,176.0,186.0,1070.0
2021-03-29 07:55:33,0.02,0.16899999999999998,3.0,176.0,186.0,1070.0
2021-03-29 07:56:34,0.02,0.16899999999999998,3.0,176.0,186.0,1070.0
2021-03-29 07:57:34,0.02,0.16899999999999998,3.0,176.0,187.0,1070.0
2021-03-29 07:58:35,0.02,0.16899999999999998,2.0,176.0,187.0,1070.0
2021-03-29 07:59:35,0.02,0.16899999999999998,3.0,176.0,186.0,1070.0
2021-03-29 08:00:36,0.02,0.16899999999999998,3.0,176.0,186.0,1070.0
2021-03-29 08:01:36,0.02,0.16899999999999998,3.0,176.0,186.0,1070.0
2021-03-29 08:02:37,0.02,0.16899999999999998,3.0,176.0,186.0,1070.0
2021-03-29 08:03:37,0.02,0.16899999999999998,2.0,176.0,186.0,1070.0
2021-03-29 08:04:38,0.02,0.16899999999999998,3.0,176.0,187.0,1070.0
2021-03-29 08:05:38,0.02,0.16899999999999998,3.0,176.0,187.0,1070.0
2021-03-29 08:06:38,0.02,0.16899999999999998,3.0,176.0,186.0,1070.0
2021-03-29 08:07:39,0.02,0.16899999999999998,3.0,176.0,187.0,1070.0
2021-03-29 08:08:39,0.02,0.16899999999999998,3.0,176.0,187.0,1070.0
2021-03-29 08:09:40,0.02,0.16899999999999998,3.0,176.0,186.0,1070.0
2021-03-29 08:10:40,0.02,0.16899999999999998,3.0,176.0,186.0,1070.0
2021-03-29 08:11:41,0.02,0.16899999999999998,2.0,176.0,186.0,1070.0
2021-03-29 08:12:41,0.02,0.16899999999999998,3.0,176.0,186.0,1070.0
2021-03-29 08:13:42,0.02,0.16899999999999998,3.0,176.0,186.0,1070.0
2021-03-29 08:14:42,0.02,0.16899999999999998,3.0,176.0,186.0,1070.0
2021-03-29 08:15:43,0.02,0.16899999999999998,3.0,176.0,186.0,1070.0
2021-03-29 08:16:43,0.02,0.16899999999999998,2.0,176.0,186.0,1070.0
2021-03-29 08:17:44,0.02,0.16899999999999998,3.0,176.0,186.0,1070.0
2021-03-29 08:18:44,0.02,0.16899999999999998,3.0,176.0,186.0,1070.0
2021-03-29 08:19:45,0.02,0.16899999999999998,3.0,176.0,186.0,1070.0
2021-03-29 08:20:45,0.02,0.16899999999999998,3.0,176.0,186.0,1070.0
2021-03-29 08:21:45,0.02,0.16899999999999998,3.0,176.0,186.0,1070.0
2021-03-29 08:22:46,0.02,0.16899999999999998,3.0,176.0,186.0,1070.0
2021-03-29 08:23:46,0.02,0.16899999999999998,3.0,176.0,186.0,1070.0
2021-03-29 08:24:47,0.02,0.16899999999999998,2.0,176.0,187.0,1070.0
2021-03-29 08:25:47,0.02,0.16899999999999998,2.0,176.0,186.0,1070.0
2021-03-29 08:26:48,0.02,0.16899999999999998,2.0,176.0,187.0,1070.0
2021-03-29 08:27:48,0.02,0.16899999999999998,3.0,176.0,186.0,1070.0
2021-03-29 08:28:49,0.02,0.16899999999999998,3.0,176.0,187.0,1070.0
2021-03-29 08:29:49,0.02,0.16899999999999998,3.0,176.0,186.0,1070.0
2021-03-29 08:30:50,0.02,0.16899999999999998,3.0,176.0,186.0,1070.0
2021-03-29 08:31:50,0.02,0.16899999999999998,3.0,176.0,186.0,1070.0
2021-03-29 08:32:51,0.02,0.16899999999999998,3.0,176.0,186.0,1070.0
2021-03-29 08:33:51,0.02,0.16899999999999998,3.0,176.0,186.0,1070.0
2021-03-29 08:34:52,0.02,0.16899999999999998,3.0,176.0,186.0,1070.0
2021-03-29 08:35:52,0.02,0.16899999999999998,3.0,176.0,186.0,1070.0
2021-03-29 08:36:52,0.02,0.16899999999999998,3.0,176.0,186.0,1070.0
2021-03-29 08:37:53,0.02,0.16899999999999998,2.0,176.0,186.0,1070.0
2021-03-29 08:38:54,0.02,0.16899999999999998,3.0,176.0,186.0,1070.0
2021-03-29 08:39:54,0.02,0.16899999999999998,2.0,176.0,186.0,1070.0
2021-03-29 08:40:55,0.02,0.16899999999999998,2.0,176.0,186.0,1070.0
2021-03-29 08:41:55,0.02,0.16899999999999998,3.0,176.0,186.0,1070.0
2021-03-29 08:42:56,0.02,0.16899999999999998,3.0,176.0,186.0,1070.0
2021-03-29 08:43:56,0.02,0.16899999999999998,3.0,176.0,186.0,1070.0
2021-03-29 08:44:57,0.02,0.16899999999999998,2.0,176.0,186.0,1070.0
2021-03-29 08:45:57,0.02,0.16899999999999998,2.0,176.0,186.0,1070.0
2021-03-29 08:46:57,0.02,0.16899999999999998,3.0,176.0,186.0,1070.0
2021-03-29 08:47:58,0.02,0.16899999999999998,3.0,176.0,186.0,1070.0
2021-03-29 08:48:58,0.02,0.16899999999999998,3.0,176.0,186.0,1070.0
2021-03-29 08:49:59,0.02,0.16899999999999998,3.0,176.0,186.0,1070.0
2021-03-29 08:50:59,0.02,0.16899999999999998,3.0,176.0,186.0,1070.0
2021-03-29 08:52:00,0.02,0.16899999999999998,3.0,176.0,186.0,1070.0
2021-03-29 08:53:00,0.02,0.16899999999999998,3.0,176.0,186.0,1070.0
2021-03-29 08:54:01,0.02,0.17,2.0,176.0,186.0,1070.0
2021-03-29 08:55:01,0.02,0.16899999999999998,3.0,176.0,186.0,1070.0
2021-03-29 08:56:02,0.02,0.16899999999999998,3.0,176.0,186.0,1070.0
2021-03-29 08:57:02,0.02,0.16899999999999998,3.0,176.0,186.0,1070.0
2021-03-29 08:58:03,0.02,0.16899999999999998,3.0,176.0,186.0,1070.0
2021-03-29 08:59:03,0.02,0.16899999999999998,3.0,176.0,186.0,1070.0
2021-03-29 09:00:04,0.02,0.16899999999999998,2.0,176.0,186.0,1070.0
2021-03-29 09:01:04,0.02,0.16899999999999998,3.0,176.0,186.0,1070.0
2021-03-29 09:02:05,0.02,0.16899999999999998,2.0,176.0,186.0,1070.0
2021-03-29 09:03:05,0.02,0.17,3.0,176.0,186.0,1070.0
2021-03-29 09:04:06,0.02,0.16899999999999998,3.0,176.0,186.0,1070.0
2021-03-29 09:05:06,0.02,0.17,3.0,176.0,186.0,1070.0
2021-03-29 09:06:07,0.02,0.16899999999999998,3.0,176.0,186.0,1070.0
2021-03-29 09:07:07,0.02,0.16899999999999998,3.0,176.0,186.0,1070.0
2021-03-29 09:08:07,0.02,0.16899999999999998,3.0,176.0,186.0,1070.0
2021-03-29 09:09:08,0.02,0.17,3.0,176.0,186.0,1070.0
2021-03-29 09:10:08,0.02,0.16899999999999998,2.0,176.0,186.0,1070.0
2021-03-29 09:11:09,0.02,0.16899999999999998,3.0,176.0,186.0,1070.0
2021-03-29 09:12:09,0.02,0.16899999999999998,3.0,176.0,186.0,1070.0
2021-03-29 09:13:09,0.02,0.16899999999999998,3.0,176.0,186.0,1070.0
2021-03-29 09:14:10,0.02,0.17,3.0,176.0,186.0,1070.0
2021-03-29 09:15:10,0.02,0.16899999999999998,3.0,176.0,186.0,1070.0
2021-03-29 09:16:11,0.02,0.17,3.0,176.0,186.0,1070.0
2021-03-29 09:17:11,0.02,0.16899999999999998,2.0,176.0,186.0,1070.0
2021-03-29 09:18:12,0.02,0.16899999999999998,3.0,176.0,186.0,1070.0
2021-03-29 09:19:12,0.02,0.16899999999999998,3.0,176.0,186.0,1070.0
2021-03-29 09:20:13,0.02,0.16899999999999998,3.0,176.0,186.0,1070.0
2021-03-29 09:21:13,0.02,0.16899999999999998,2.0,176.0,186.0,1070.0
2021-03-29 09:22:13,0.02,0.16899999999999998,3.0,176.0,186.0,1070.0
2021-03-29 09:23:14,0.02,0.16899999999999998,3.0,176.0,186.0,1070.0
2021-03-29 09:24:14,0.02,0.16899999999999998,3.0,176.0,186.0,1070.0
2021-03-29 09:25:15,0.02,0.16899999999999998,3.0,176.0,186.0,1070.0
2021-03-29 09:26:15,0.02,0.16899999999999998,3.0,176.0,186.0,1070.0
2021-03-29 09:27:15,0.02,0.17,3.0,176.0,186.0,1070.0
2021-03-29 09:28:16,0.02,0.16899999999999998,3.0,176.0,186.0,1070.0
2021-03-29 09:29:16,0.02,0.17,3.0,176.0,186.0,1070.0
2021-03-29 09:30:17,0.02,0.17,3.0,176.0,186.0,1070.0
2021-03-29 09:31:17,0.02,0.17,2.0,176.0,186.0,1070.0
2021-03-29 09:32:18,0.02,0.17,3.0,176.0,186.0,1070.0
2021-03-29 09:33:18,0.02,0.17,3.0,176.0,186.0,1070.0
2021-03-29 09:34:19,0.02,0.17,3.0,176.0,186.0,1070.0
2021-03-29 09:35:19,0.02,0.17,3.0,176.0,186.0,1070.0
2021-03-29 09:36:20,0.02,0.17,3.0,176.0,186.0,1070.0
2021-03-29 09:37:20,0.02,0.17,3.0,176.0,186.0,1070.0
2021-03-29 09:38:20,0.02,0.17,3.0,176.0,186.0,1070.0
2021-03-29 09:39:21,0.02,0.17,3.0,176.0,186.0,1070.0
2021-03-29 09:40:21,0.02,0.17,3.0,176.0,186.0,1070.0
2021-03-29 09:41:22,0.02,0.17,3.0,176.0,186.0,1070.0
2021-03-29 09:42:22,0.02,0.17,3.0,176.0,186.0,1070.0
2021-03-29 09:43:23,0.02,0.17,3.0,176.0,186.0,1070.0
2021-03-29 09:44:23,0.02,0.17,3.0,176.0,186.0,1070.0
2021-03-29 09:45:24,0.02,0.17,3.0,176.0,186.0,1070.0
2021-03-29 09:46:25,0.02,0.17,3.0,176.0,186.0,1070.0
2021-03-29 09:47:25,0.02,0.17,2.0,176.0,186.0,1070.0
2021-03-29 09:48:25,0.02,0.17,3.0,176.0,186.0,1070.0
2021-03-29 09:49:26,0.02,0.17,3.0,176.0,186.0,1070.0
2021-03-29 09:50:26,0.02,0.17,2.0,176.0,186.0,1070.0
2021-03-29 09:51:27,0.02,0.17,3.0,176.0,186.0,1070.0
2021-03-29 09:52:27,0.02,0.17,3.0,176.0,186.0,1070.0
2021-03-29 09:53:28,0.02,0.17,3.0,176.0,186.0,1070.0
2021-03-29 09:54:28,0.02,0.17,3.0,176.0,186.0,1070.0
2021-03-29 09:55:28,0.02,0.17,3.0,176.0,186.0,1070.0
2021-03-29 09:56:29,0.02,0.17,3.0,176.0,186.0,1070.0
2021-03-29 09:57:29,0.02,0.17,3.0,176.0,186.0,1070.0
2021-03-29 09:58:30,0.02,0.17,3.0,176.0,186.0,1070.0
2021-03-29 09:59:30,0.02,0.17,3.0,176.0,186.0,1070.0
2021-03-29 10:00:31,0.02,0.17,3.0,176.0,186.0,1070.0
2021-03-29 10:01:31,0.02,0.17,3.0,176.0,186.0,1070.0
2021-03-29 10:02:32,0.02,0.17,3.0,176.0,186.0,1070.0
2021-03-29 10:03:32,0.02,0.17,3.0,176.0,186.0,1070.0
2021-03-29 10:04:33,0.02,0.17,3.0,176.0,186.0,1070.0
2021-03-29 10:05:33,0.02,0.17,3.0,176.0,186.0,1070.0
2021-03-29 10:06:34,0.02,0.17,3.0,176.0,186.0,1070.0
2021-03-29 10:07:34,0.02,0.17,3.0,176.0,186.0,1070.0
2021-03-29 10:08:34,0.02,0.17,3.0,176.0,186.0,1070.0
2021-03-29 10:09:34,0.02,0.17,3.0,176.0,186.0,1070.0
2021-03-29 10:10:35,0.02,0.17,3.0,176.0,186.0,1070.0
2021-03-29 10:11:36,0.02,0.17,3.0,176.0,186.0,1070.0
2021-03-29 10:12:36,0.02,0.17,3.0,176.0,186.0,1070.0
2021-03-29 10:13:37,0.02,0.17,3.0,176.0,186.0,1070.0
2021-03-29 10:14:37,0.02,0.171,3.0,176.0,186.0,1070.0
2021-03-29 10:15:37,0.02,0.171,3.0,176.0,186.0,1070.0
2021-03-29 10:16:38,0.02,0.171,3.0,176.0,186.0,1070.0
2021-03-29 10:17:39,0.02,0.171,3.0,176.0,186.0,1070.0
2021-03-29 10:18:39,0.02,0.171,3.0,176.0,186.0,1070.0
2021-03-29 10:19:40,0.02,0.171,3.0,176.0,186.0,1070.0
2021-03-29 10:20:40,0.02,0.171,3.0,176.0,186.0,1070.0
2021-03-29 10:21:40,0.02,0.171,3.0,176.0,186.0,1070.0
2021-03-29 10:22:41,0.02,0.171,3.0,176.0,186.0,1070.0
2021-03-29 10:23:41,0.02,0.171,3.0,176.0,186.0,1070.0
2021-03-29 10:24:42,0.02,0.171,3.0,176.0,186.0,1070.0
2021-03-29 10:25:43,0.02,0.171,3.0,176.0,186.0,1070.0
2021-03-29 10:26:43,0.02,0.171,3.0,176.0,186.0,1070.0
2021-03-29 10:27:43,0.02,0.171,3.0,176.0,186.0,1070.0
2021-03-29 10:28:44,0.02,0.171,3.0,176.0,186.0,1070.0
2021-03-29 10:29:44,0.02,0.171,3.0,176.0,186.0,1070.0
2021-03-29 10:30:45,0.02,0.171,3.0,176.0,186.0,1070.0
2021-03-29 10:31:45,0.02,0.171,3.0,176.0,186.0,1070.0
2021-03-29 10:32:46,0.02,0.171,3.0,176.0,186.0,1070.0
2021-03-29 10:33:46,0.02,0.171,3.0,176.0,186.0,1070.0
2021-03-29 10:34:47,0.02,0.171,3.0,176.0,186.0,1070.0
2021-03-29 10:35:47,0.02,0.171,3.0,176.0,186.0,1070.0
2021-03-29 10:36:48,0.02,0.171,3.0,176.0,186.0,1070.0
2021-03-29 10:37:48,0.02,0.171,3.0,176.0,186.0,1070.0
2021-03-29 10:38:49,0.02,0.171,3.0,176.0,186.0,1070.0
2021-03-29 10:39:49,0.02,0.171,3.0,176.0,186.0,1070.0
2021-03-29 10:40:49,0.02,0.171,3.0,176.0,186.0,1070.0
2021-03-29 10:41:50,0.02,0.171,3.0,176.0,186.0,1070.0
2021-03-29 10:42:51,0.02,0.171,3.0,176.0,186.0,1070.0
2021-03-29 10:43:51,0.02,0.171,3.0,176.0,186.0,1070.0
2021-03-29 10:44:51,0.02,0.171,3.0,176.0,186.0,1070.0
2021-03-29 10:45:52,0.02,0.171,3.0,176.0,186.0,1070.0
2021-03-29 10:46:52,0.02,0.171,3.0,176.0,186.0,1070.0
2021-03-29 10:47:53,0.02,0.172,3.0,176.0,186.0,1070.0
2021-03-29 10:48:53,0.02,0.171,3.0,176.0,186.0,1070.0
2021-03-29 10:49:54,0.02,0.172,3.0,176.0,186.0,1070.0
2021-03-29 10:50:54,0.02,0.172,3.0,176.0,186.0,1070.0
2021-03-29 10:51:55,0.02,0.172,3.0,176.0,186.0,1070.0
2021-03-29 10:52:55,0.02,0.172,3.0,176.0,186.0,1070.0
2021-03-29 10:53:56,0.02,0.172,3.0,176.0,186.0,1070.0
2021-03-29 10:54:56,0.02,0.172,3.0,176.0,186.0,1070.0
2021-03-29 10:55:57,0.02,0.172,3.0,176.0,186.0,1070.0
2021-03-29 10:56:57,0.02,0.172,3.0,176.0,186.0,1070.0
2021-03-29 10:57:58,0.02,0.172,3.0,176.0,186.0,1070.0
2021-03-29 10:58:58,0.02,0.172,3.0,176.0,186.0,1070.0
2021-03-29 10:59:58,0.02,0.172,3.0,176.0,186.0,1070.0
2021-03-29 11:00:59,0.02,0.172,3.0,176.0,186.0,1070.0
2021-03-29 11:01:59,0.02,0.172,3.0,176.0,186.0,1070.0
2021-03-29 11:03:00,0.02,0.172,3.0,176.0,186.0,1070.0
2021-03-29 11:04:00,0.02,0.172,3.0,176.0,186.0,1070.0
2021-03-29 11:05:01,0.02,0.172,3.0,176.0,186.0,1070.0
2021-03-29 11:06:01,0.02,0.172,3.0,176.0,186.0,1070.0
2021-03-29 11:07:02,0.02,0.172,3.0,176.0,186.0,1070.0
2021-03-29 11:08:02,0.02,0.172,3.0,176.0,186.0,1070.0
2021-03-29 11:09:03,0.02,0.172,3.0,176.0,186.0,1070.0
2021-03-29 11:10:03,0.02,0.172,3.0,176.0,186.0,1070.0
2021-03-29 11:11:04,0.02,0.172,3.0,176.0,186.0,1080.0
2021-03-29 11:12:04,0.02,0.172,3.0,176.0,186.0,1070.0
2021-03-29 11:13:05,0.02,0.172,3.0,176.0,186.0,1070.0
2021-03-29 11:14:05,0.02,0.172,3.0,176.0,186.0,1070.0
2021-03-29 11:15:06,0.02,0.172,3.0,176.0,186.0,1070.0
2021-03-29 11:16:06,0.02,0.172,3.0,176.0,186.0,1070.0
2021-03-29 11:17:06,0.02,0.172,3.0,176.0,186.0,1070.0
2021-03-29 11:18:07,0.02,0.172,3.0,176.0,186.0,1070.0
2021-03-29 11:19:07,0.02,0.172,3.0,176.0,186.0,1070.0
2021-03-29 11:20:08,0.02,0.172,3.0,176.0,186.0,1070.0
2021-03-29 11:21:08,0.02,0.172,3.0,176.0,186.0,1070.0
2021-03-29 11:22:08,0.02,0.172,3.0,176.0,186.0,1070.0
2021-03-29 11:23:09,0.02,0.172,3.0,176.0,186.0,1070.0
2021-03-29 11:24:10,0.02,0.172,3.0,176.0,186.0,1070.0
2021-03-29 11:25:10,0.02,0.172,3.0,176.0,186.0,1070.0
2021-03-29 11:26:10,0.02,0.172,3.0,176.0,186.0,1070.0
2021-03-29 11:27:11,0.02,0.172,3.0,176.0,186.0,1070.0
2021-03-29 11:28:12,0.02,0.172,3.0,176.0,186.0,1070.0
2021-03-29 11:29:12,0.02,0.172,3.0,176.0,186.0,1070.0
2021-03-29 11:30:12,0.02,0.172,3.0,176.0,186.0,1070.0
2021-03-29 11:31:13,0.02,0.172,3.0,176.0,186.0,1080.0
2021-03-29 11:32:13,0.02,0.172,3.0,176.0,186.0,1070.0
2021-03-29 11:33:14,0.02,0.172,3.0,176.0,186.0,1070.0
2021-03-29 11:34:14,0.02,0.172,3.0,176.0,186.0,1070.0
2021-03-29 11:35:15,0.02,0.172,3.0,176.0,186.0,1070.0
2021-03-29 11:36:15,0.02,0.172,3.0,176.0,186.0,1080.0
2021-03-29 11:37:16,0.02,0.172,3.0,176.0,186.0,1070.0
2021-03-29 11:38:16,0.02,0.172,3.0,176.0,186.0,1070.0
2021-03-29 11:39:17,0.02,0.172,3.0,176.0,186.0,1070.0
2021-03-29 11:40:17,0.02,0.172,3.0,176.0,186.0,1070.0
2021-03-29 11:41:18,0.02,0.172,3.0,176.0,186.0,1080.0
2021-03-29 11:42:18,0.02,0.172,3.0,176.0,186.0,1070.0
2021-03-29 11:43:19,0.02,0.17300000000000001,3.0,176.0,186.0,1070.0
2021-03-29 11:44:19,0.02,0.17300000000000001,3.0,176.0,186.0,1070.0
2021-03-29 11:45:20,0.02,0.17300000000000001,4.0,176.0,186.0,1070.0
2021-03-29 11:46:20,0.02,0.17300000000000001,3.0,176.0,186.0,1080.0
2021-03-29 11:47:21,0.02,0.17300000000000001,3.0,176.0,186.0,1070.0
2021-03-29 11:48:21,0.02,0.17300000000000001,3.0,176.0,186.0,1080.0
2021-03-29 11:49:22,0.02,0.17300000000000001,3.0,176.0,186.0,1070.0
2021-03-29 11:50:22,0.02,0.17300000000000001,3.0,176.0,186.0,1070.0
2021-03-29 11:51:22,0.02,0.17300000000000001,3.0,176.0,186.0,1070.0
2021-03-29 11:52:23,0.02,0.17300000000000001,3.0,176.0,186.0,1070.0
2021-03-29 11:53:23,0.02,0.17300000000000001,3.0,176.0,186.0,1080.0
2021-03-29 11:54:24,0.02,0.17300000000000001,3.0,176.0,186.0,1070.0
2021-03-29 11:55:24,0.02,0.17300000000000001,3.0,176.0,186.0,1070.0
2021-03-29 11:56:25,0.02,0.17300000000000001,3.0,176.0,186.0,1070.0
2021-03-29 11:57:25,0.02,0.17300000000000001,3.0,176.0,186.0,1070.0
2021-03-29 11:58:26,0.02,0.17300000000000001,3.0,176.0,186.0,1070.0
2021-03-29 11:59:26,0.02,0.17300000000000001,3.0,176.0,186.0,1080.0
2021-03-29 12:00:26,0.02,0.17300000000000001,3.0,176.0,186.0,1080.0
2021-03-29 12:01:27,0.02,0.17300000000000001,3.0,176.0,186.0,1070.0
2021-03-29 12:02:27,0.02,0.17300000000000001,4.0,176.0,186.0,1070.0
2021-03-29 12:03:28,0.02,0.17300000000000001,3.0,176.0,186.0,1070.0
2021-03-29 12:04:28,0.02,0.17300000000000001,3.0,176.0,186.0,1070.0
2021-03-29 12:05:29,0.02,0.17300000000000001,3.0,176.0,186.0,1070.0
2021-03-29 12:06:29,0.02,0.17300000000000001,3.0,176.0,186.0,1070.0
2021-03-29 12:07:30,0.02,0.17300000000000001,3.0,176.0,186.0,1070.0
2021-03-29 12:08:30,0.02,0.17300000000000001,3.0,176.0,186.0,1070.0
2021-03-29 12:09:31,0.02,0.17300000000000001,3.0,176.0,186.0,1070.0
2021-03-29 12:10:31,0.02,0.174,3.0,176.0,186.0,1070.0
2021-03-29 12:11:32,0.02,0.174,3.0,176.0,186.0,1070.0
2021-03-29 12:12:32,0.02,0.174,3.0,176.0,186.0,1070.0
2021-03-29 12:13:33,0.02,0.174,4.0,176.0,186.0,1070.0
2021-03-29 12:14:33,0.02,0.174,4.0,176.0,186.0,1080.0
2021-03-29 12:15:34,0.02,0.174,3.0,176.0,186.0,1070.0
2021-03-29 12:16:34,0.02,0.174,3.0,176.0,186.0,1070.0
2021-03-29 12:17:34,0.02,0.174,3.0,176.0,186.0,1070.0
2021-03-29 12:18:35,0.02,0.174,3.0,176.0,186.0,1070.0
2021-03-29 12:19:35,0.02,0.174,3.0,176.0,186.0,1070.0
2021-03-29 12:20:36,0.02,0.174,3.0,176.0,186.0,1070.0
2021-03-29 12:21:36,0.02,0.174,3.0,176.0,186.0,1070.0
2021-03-29 12:22:37,0.02,0.174,4.0,176.0,186.0,1070.0
2021-03-29 12:23:37,0.02,0.174,3.0,176.0,186.0,1070.0
2021-03-29 12:24:38,0.02,0.174,3.0,176.0,186.0,1070.0
2021-03-29 12:25:38,0.02,0.174,3.0,176.0,186.0,1070.0
2021-03-29 12:26:39,0.02,0.174,3.0,176.0,186.0,1070.0
2021-03-29 12:27:39,0.02,0.174,3.0,176.0,186.0,1070.0
2021-03-29 12:28:40,0.02,0.174,3.0,176.0,186.0,1080.0
2021-03-29 12:29:40,0.02,0.174,3.0,176.0,186.0,1070.0
2021-03-29 12:30:41,0.02,0.174,3.0,176.0,186.0,1070.0
2021-03-29 12:31:41,0.02,0.174,3.0,176.0,186.0,1070.0
2021-03-29 12:32:42,0.02,0.174,3.0,176.0,186.0,1070.0
2021-03-29 12:33:42,0.02,0.174,3.0,176.0,186.0,1070.0
2021-03-29 12:34:43,0.02,0.174,3.0,176.0,186.0,1070.0
2021-03-29 12:35:43,0.02,0.174,3.0,176.0,186.0,1070.0
2021-03-29 12:36:44,0.02,0.174,3.0,176.0,186.0,1070.0
2021-03-29 12:37:45,0.02,0.174,3.0,176.0,186.0,1070.0
2021-03-29 12:38:45,0.02,0.175,3.0,176.0,186.0,1070.0
2021-03-29 12:39:46,0.02,0.174,3.0,176.0,186.0,1070.0
2021-03-29 12:40:46,0.02,0.174,3.0,176.0,186.0,1070.0
2021-03-29 12:41:46,0.02,0.174,3.0,176.0,186.0,1070.0
2021-03-29 12:42:47,0.02,0.175,4.0,176.0,186.0,1070.0
2021-03-29 12:43:47,0.02,0.175,3.0,176.0,186.0,1070.0
2021-03-29 12:44:48,0.02,0.175,4.0,176.0,186.0,1070.0
2021-03-29 12:45:48,0.02,0.175,3.0,176.0,186.0,1070.0
2021-03-29 12:46:49,0.02,0.175,4.0,176.0,186.0,1070.0
2021-03-29 12:47:49,0.02,0.175,3.0,176.0,186.0,1070.0
2021-03-29 12:48:50,0.02,0.174,3.0,176.0,186.0,1070.0
2021-03-29 12:49:50,0.02,0.175,3.0,176.0,186.0,1070.0
2021-03-29 12:50:51,0.02,0.174,4.0,176.0,186.0,1070.0
2021-03-29 12:51:51,0.02,0.175,3.0,176.0,186.0,1070.0
2021-03-29 12:52:52,0.02,0.175,4.0,176.0,186.0,1070.0
2021-03-29 12:53:52,0.02,0.174,3.0,176.0,186.0,1070.0
2021-03-29 12:54:53,0.02,0.174,3.0,176.0,186.0,1070.0
2021-03-29 12:55:53,0.02,0.175,3.0,176.0,186.0,1070.0
2021-03-29 12:56:54,0.02,0.175,4.0,176.0,186.0,1070.0
2021-03-29 12:57:54,0.02,0.175,3.0,176.0,186.0,1070.0
2021-03-29 12:58:55,0.02,0.175,4.0,176.0,186.0,1070.0
2021-03-29 12:59:55,0.02,0.175,3.0,176.0,186.0,1070.0
2021-03-29 13:00:55,0.02,0.175,3.0,176.0,186.0,1070.0
2021-03-29 13:01:56,0.02,0.175,3.0,176.0,186.0,1080.0
2021-03-29 13:02:56,0.02,0.175,3.0,176.0,186.0,1070.0
2021-03-29 13:03:57,0.02,0.175,4.0,175.0,186.0,1070.0
2021-03-29 13:04:57,0.02,0.175,4.0,176.0,186.0,1070.0
2021-03-29 13:05:58,0.02,0.175,4.0,176.0,186.0,1070.0
2021-03-29 13:06:58,0.02,0.175,3.0,176.0,186.0,1070.0
2021-03-29 13:07:59,0.02,0.175,3.0,176.0,186.0,1070.0
2021-03-29 13:08:59,0.02,0.175,4.0,176.0,186.0,1070.0
2021-03-29 13:10:00,0.02,0.175,3.0,176.0,186.0,1070.0
2021-03-29 13:11:00,0.02,0.175,3.0,176.0,186.0,1080.0
2021-03-29 13:12:01,0.02,0.175,3.0,176.0,186.0,1070.0
2021-03-29 13:13:01,0.02,0.175,4.0,176.0,186.0,1070.0
2021-03-29 13:14:02,0.02,0.175,3.0,176.0,186.0,1070.0
2021-03-29 13:15:02,0.02,0.175,4.0,176.0,186.0,1070.0
2021-03-29 13:16:03,0.02,0.175,4.0,176.0,186.0,1070.0
2021-03-29 13:17:03,0.02,0.175,4.0,176.0,186.0,1070.0
2021-03-29 13:18:04,0.02,0.175,4.0,176.0,186.0,1070.0
2021-03-29 13:19:04,0.02,0.175,3.0,176.0,186.0,1070.0
2021-03-29 13:20:05,0.02,0.17600000000000002,4.0,176.0,186.0,1070.0
2021-03-29 13:21:05,0.02,0.17600000000000002,4.0,175.0,186.0,1070.0
2021-03-29 13:22:06,0.02,0.17600000000000002,3.0,176.0,186.0,1070.0
2021-03-29 13:23:06,0.02,0.17600000000000002,4.0,176.0,186.0,1070.0
2021-03-29 13:24:07,0.02,0.17600000000000002,4.0,176.0,186.0,1080.0
2021-03-29 13:25:07,0.02,0.175,4.0,176.0,186.0,1070.0
2021-03-29 13:26:08,0.02,0.17600000000000002,3.0,176.0,186.0,1070.0
2021-03-29 13:27:08,0.02,0.175,3.0,176.0,186.0,1070.0
2021-03-29 13:28:09,0.02,0.17600000000000002,3.0,176.0,186.0,1070.0
2021-03-29 13:29:09,0.02,0.17600000000000002,4.0,176.0,186.0,1070.0
2021-03-29 13:30:10,0.02,0.17600000000000002,4.0,176.0,186.0,1080.0
2021-03-29 13:31:10,0.02,0.17600000000000002,4.0,176.0,186.0,1070.0
2021-03-29 13:32:11,0.02,0.17600000000000002,4.0,176.0,186.0,1080.0
2021-03-29 13:33:11,0.02,0.17600000000000002,4.0,176.0,186.0,1070.0
2021-03-29 13:34:12,0.02,0.17600000000000002,4.0,176.0,186.0,1070.0
2021-03-29 13:35:12,0.02,0.17600000000000002,3.0,176.0,186.0,1070.0
2021-03-29 13:36:13,0.02,0.17600000000000002,4.0,176.0,186.0,1080.0
2021-03-29 13:37:13,0.02,0.17600000000000002,4.0,176.0,186.0,1070.0
2021-03-29 13:38:14,0.02,0.17600000000000002,4.0,176.0,186.0,1070.0
2021-03-29 13:39:14,0.02,0.17600000000000002,4.0,176.0,186.0,1070.0
2021-03-29 13:40:15,0.02,0.17600000000000002,4.0,176.0,186.0,1070.0
2021-03-29 13:41:16,0.02,0.17600000000000002,4.0,176.0,186.0,1070.0
2021-03-29 13:42:16,0.02,0.17600000000000002,4.0,176.0,186.0,1070.0
2021-03-29 13:43:17,0.02,0.17600000000000002,4.0,176.0,186.0,1080.0
2021-03-29 13:44:17,0.02,0.17600000000000002,3.0,176.0,186.0,1070.0
2021-03-29 13:45:18,0.02,0.17600000000000002,4.0,176.0,186.0,1070.0
2021-03-29 13:46:18,0.02,0.17600000000000002,4.0,176.0,186.0,1070.0
2021-03-29 13:47:18,0.02,0.17600000000000002,4.0,176.0,186.0,1070.0
2021-03-29 13:48:19,0.02,0.17600000000000002,4.0,176.0,186.0,1070.0
2021-03-29 13:49:19,0.02,0.17600000000000002,4.0,176.0,186.0,1070.0
2021-03-29 13:50:20,0.02,0.177,4.0,176.0,186.0,1070.0
2021-03-29 13:51:20,0.02,0.177,4.0,175.0,186.0,1070.0
2021-03-29 13:52:21,0.02,0.177,4.0,176.0,186.0,1080.0
2021-03-29 13:53:21,0.02,0.177,4.0,176.0,186.0,1070.0
2021-03-29 13:54:22,0.02,0.177,4.0,176.0,186.0,1070.0
2021-03-29 13:55:23,0.02,0.177,4.0,176.0,186.0,1070.0
2021-03-29 13:56:23,0.02,0.177,4.0,176.0,186.0,1070.0
2021-03-29 13:57:23,0.02,0.177,4.0,176.0,186.0,1070.0
2021-03-29 13:58:24,0.02,0.177,4.0,176.0,186.0,1070.0
2021-03-29 13:59:25,0.02,0.177,4.0,176.0,186.0,1080.0
2021-03-29 14:00:25,0.02,0.177,4.0,176.0,186.0,1070.0
2021-03-29 14:01:26,0.02,0.177,4.0,176.0,186.0,1070.0
2021-03-29 14:02:26,0.02,0.177,4.0,176.0,186.0,1080.0
2021-03-29 14:03:27,0.02,0.177,4.0,176.0,186.0,1080.0
2021-03-29 14:04:27,0.02,0.177,4.0,176.0,186.0,1080.0
2021-03-29 14:05:27,0.02,0.177,4.0,176.0,186.0,1080.0
2021-03-29 14:06:28,0.02,0.177,4.0,176.0,186.0,1080.0
2021-03-29 14:07:28,0.02,0.177,4.0,176.0,186.0,1070.0
2021-03-29 14:08:29,0.02,0.177,4.0,176.0,186.0,1070.0
2021-03-29 14:09:29,0.02,0.177,4.0,176.0,186.0,1080.0
2021-03-29 14:10:30,0.02,0.177,4.0,176.0,186.0,1080.0
2021-03-29 14:11:30,0.02,0.177,4.0,176.0,186.0,1080.0
2021-03-29 14:12:30,0.02,0.177,4.0,176.0,186.0,1080.0
2021-03-29 14:13:31,0.02,0.177,4.0,176.0,186.0,1080.0
2021-03-29 14:14:31,0.02,0.177,4.0,176.0,186.0,1080.0
2021-03-29 14:15:32,0.02,0.177,4.0,176.0,186.0,1080.0
2021-03-29 14:16:32,0.02,0.17800000000000002,4.0,176.0,186.0,1080.0
2021-03-29 14:17:33,0.02,0.17800000000000002,4.0,176.0,186.0,1080.0
2021-03-29 14:18:33,0.02,0.17800000000000002,4.0,176.0,186.0,1080.0
2021-03-29 14:19:34,0.02,0.17800000000000002,4.0,176.0,186.0,1080.0
2021-03-29 14:20:34,0.02,0.17800000000000002,4.0,176.0,186.0,1080.0
2021-03-29 14:21:34,0.02,0.177,4.0,176.0,186.0,1080.0
2021-03-29 14:22:35,0.02,0.17800000000000002,4.0,176.0,186.0,1080.0
2021-03-29 14:23:35,0.02,0.17800000000000002,4.0,176.0,186.0,1080.0
2021-03-29 14:24:36,0.02,0.17800000000000002,4.0,176.0,186.0,1080.0
2021-03-29 14:25:37,0.02,0.17800000000000002,4.0,176.0,186.0,1070.0
2021-03-29 14:26:37,0.02,0.17800000000000002,4.0,176.0,186.0,1080.0
2021-03-29 14:27:38,0.02,0.17800000000000002,4.0,176.0,186.0,1080.0
2021-03-29 14:28:38,0.02,0.17800000000000002,4.0,175.0,186.0,1070.0
2021-03-29 14:29:39,0.02,0.17800000000000002,4.0,176.0,186.0,1080.0
2021-03-29 14:30:39,0.02,0.17800000000000002,4.0,176.0,186.0,1080.0
2021-03-29 14:31:40,0.02,0.17800000000000002,4.0,176.0,186.0,1080.0
2021-03-29 14:32:40,0.02,0.17800000000000002,4.0,176.0,186.0,1080.0
2021-03-29 14:33:41,0.02,0.17800000000000002,4.0,176.0,186.0,1080.0
2021-03-29 14:34:41,0.02,0.17800000000000002,4.0,176.0,186.0,1080.0
2021-03-29 14:35:41,0.02,0.17800000000000002,4.0,176.0,186.0,1070.0
2021-03-29 14:36:42,0.02,0.17800000000000002,4.0,176.0,185.0,1080.0
2021-03-29 14:37:42,0.02,0.179,4.0,176.0,186.0,1080.0
2021-03-29 14:38:43,0.02,0.17800000000000002,4.0,176.0,186.0,1080.0
2021-03-29 14:39:43,0.02,0.17800000000000002,4.0,176.0,186.0,1080.0
2021-03-29 14:40:44,0.02,0.17800000000000002,4.0,176.0,186.0,1080.0
2021-03-29 14:41:44,0.02,0.17800000000000002,4.0,176.0,186.0,1070.0
2021-03-29 14:42:45,0.02,0.17800000000000002,4.0,176.0,185.0,1070.0
2021-03-29 14:43:45,0.02,0.17800000000000002,4.0,176.0,185.0,1080.0
2021-03-29 14:44:46,0.02,0.179,4.0,176.0,186.0,1070.0
2021-03-29 14:45:46,0.02,0.17800000000000002,4.0,176.0,186.0,1080.0
2021-03-29 14:46:47,0.02,0.179,4.0,176.0,185.0,1080.0
2021-03-29 14:47:48,0.02,0.179,4.0,176.0,186.0,1080.0
2021-03-29 14:48:48,0.02,0.179,4.0,176.0,186.0,1080.0
2021-03-29 14:49:49,0.02,0.179,4.0,176.0,186.0,1080.0
2021-03-29 14:50:49,0.02,0.179,4.0,176.0,185.0,1080.0
2021-03-29 14:51:49,0.02,0.179,4.0,176.0,186.0,1080.0
2021-03-29 14:52:50,0.02,0.179,4.0,176.0,186.0,1080.0
2021-03-29 14:53:50,0.02,0.179,4.0,176.0,185.0,1070.0
2021-03-29 14:54:51,0.02,0.179,4.0,176.0,185.0,1080.0
2021-03-29 14:55:51,0.02,0.179,4.0,176.0,185.0,1080.0
2021-03-29 14:56:52,0.02,0.179,4.0,176.0,185.0,1080.0
2021-03-29 14:57:52,0.02,0.179,4.0,176.0,186.0,1080.0
2021-03-29 14:58:53,0.02,0.179,4.0,176.0,186.0,1080.0
2021-03-29 14:59:53,0.02,0.179,4.0,176.0,185.0,1080.0
2021-03-29 15:00:54,0.02,0.179,4.0,176.0,185.0,1080.0
2021-03-29 15:01:54,0.02,0.179,4.0,176.0,185.0,1080.0
2021-03-29 15:02:55,0.02,0.179,4.0,176.0,185.0,1080.0
2021-03-29 15:03:55,0.02,0.179,4.0,175.0,186.0,1070.0
2021-03-29 15:04:56,0.02,0.179,4.0,176.0,185.0,1080.0
2021-03-29 15:05:56,0.02,0.179,4.0,176.0,185.0,1080.0
2021-03-29 15:06:57,0.02,0.179,4.0,176.0,186.0,1080.0
2021-03-29 15:07:57,0.02,0.179,4.0,176.0,185.0,1080.0
2021-03-29 15:08:57,0.02,0.179,4.0,176.0,185.0,1070.0
2021-03-29 15:09:58,0.02,0.179,4.0,176.0,185.0,1080.0
2021-03-29 15:10:58,0.02,0.179,4.0,176.0,185.0,1080.0
2021-03-29 15:11:59,0.02,0.179,4.0,176.0,186.0,1080.0
2021-03-29 15:12:59,0.02,0.179,4.0,176.0,185.0,1080.0
2021-03-29 15:14:00,0.02,0.179,4.0,176.0,185.0,1080.0
2021-03-29 15:15:00,0.02,0.179,4.0,176.0,186.0,1080.0
2021-03-29 15:16:01,0.02,0.179,4.0,176.0,186.0,1080.0
2021-03-29 15:17:01,0.02,0.18,4.0,176.0,185.0,1080.0
2021-03-29 15:18:02,0.02,0.179,4.0,176.0,186.0,1080.0
2021-03-29 15:19:02,0.02,0.179,4.0,176.0,185.0,1080.0
2021-03-29 15:20:03,0.02,0.179,4.0,176.0,186.0,1080.0
2021-03-29 15:21:03,0.02,0.18,4.0,175.0,186.0,1070.0
2021-03-29 15:22:03,0.02,0.179,4.0,176.0,186.0,1080.0
2021-03-29 15:23:04,0.02,0.179,4.0,176.0,185.0,1080.0
2021-03-29 15:24:04,0.02,0.179,4.0,175.0,185.0,1080.0
2021-03-29 15:25:05,0.02,0.18,4.0,175.0,186.0,1080.0
2021-03-29 15:26:05,0.02,0.18,4.0,176.0,186.0,1080.0
2021-03-29 15:27:06,0.02,0.18,4.0,175.0,185.0,1080.0
2021-03-29 15:28:06,0.02,0.18,4.0,176.0,186.0,1080.0
2021-03-29 15:29:07,0.02,0.18,4.0,176.0,185.0,1070.0
2021-03-29 15:30:07,0.02,0.18,4.0,176.0,185.0,1080.0
2021-03-29 15:31:08,0.02,0.18,4.0,176.0,186.0,1080.0
2021-03-29 15:32:08,0.02,0.18,4.0,176.0,185.0,1080.0
2021-03-29 15:33:08,0.02,0.18,4.0,175.0,185.0,1080.0
2021-03-29 15:34:09,0.02,0.18,4.0,176.0,185.0,1080.0
2021-03-29 15:35:09,0.02,0.18,4.0,175.0,185.0,1070.0
2021-03-29 15:36:10,0.02,0.18,4.0,175.0,186.0,1080.0
2021-03-29 15:37:10,0.02,0.18,4.0,176.0,185.0,1080.0
2021-03-29 15:38:11,0.02,0.18,4.0,175.0,186.0,1070.0
2021-03-29 15:39:11,0.02,0.18,4.0,176.0,185.0,1080.0
2021-03-29 15:40:11,0.02,0.18,4.0,176.0,185.0,1080.0
2021-03-29 15:41:12,0.02,0.18,4.0,176.0,186.0,1080.0
2021-03-29 15:42:12,0.02,0.18,4.0,176.0,185.0,1080.0
2021-03-29 15:43:13,0.02,0.18,4.0,176.0,185.0,1080.0
2021-03-29 15:44:13,0.02,0.18,4.0,176.0,185.0,1080.0
2021-03-29 15:45:14,0.02,0.18,4.0,176.0,185.0,1070.0
2021-03-29 15:46:14,0.02,0.18,4.0,176.0,185.0,1080.0
2021-03-29 15:47:15,0.02,0.18,4.0,175.0,185.0,1080.0
2021-03-29 15:48:15,0.02,0.18,4.0,175.0,185.0,1080.0
2021-03-29 15:49:16,0.02,0.18,4.0,176.0,185.0,1080.0
2021-03-29 15:50:16,0.02,0.18,4.0,175.0,185.0,1080.0
2021-03-29 15:51:16,0.02,0.18,4.0,176.0,185.0,1070.0
2021-03-29 15:52:17,0.02,0.18,4.0,175.0,185.0,1070.0
2021-03-29 15:53:17,0.02,0.18,4.0,176.0,185.0,1080.0
2021-03-29 15:54:18,0.02,0.18,4.0,176.0,186.0,1080.0
2021-03-29 15:55:18,0.02,0.18,4.0,175.0,185.0,1080.0
2021-03-29 15:56:19,0.02,0.18,4.0,175.0,185.0,1080.0
2021-03-29 15:57:19,0.02,0.18,4.0,175.0,185.0,1080.0
2021-03-29 15:58:20,0.02,0.18,4.0,176.0,185.0,1080.0
2021-03-29 15:59:20,0.02,0.18,4.0,175.0,185.0,1080.0
2021-03-29 16:00:21,0.02,0.18,4.0,176.0,185.0,1080.0
2021-03-29 16:01:21,0.02,0.18,4.0,175.0,185.0,1080.0
2021-03-29 16:02:22,0.02,0.18,4.0,175.0,185.0,1080.0
2021-03-29 16:03:22,0.02,0.18,3.0,176.0,185.0,1080.0
2021-03-29 16:04:23,0.02,0.18,4.0,176.0,185.0,1080.0
2021-03-29 16:05:23,0.02,0.18,4.0,175.0,185.0,1080.0
2021-03-29 16:06:24,0.02,0.18,4.0,175.0,185.0,1080.0
2021-03-29 16:07:24,0.02,0.18,4.0,176.0,185.0,1080.0
2021-03-29 16:08:25,0.02,0.18,4.0,176.0,185.0,1080.0
2021-03-29 16:09:25,0.02,0.18,4.0,176.0,185.0,1070.0
2021-03-29 16:10:26,0.02,0.18,4.0,175.0,185.0,1070.0
2021-03-29 16:11:26,0.02,0.18,4.0,175.0,185.0,1080.0
2021-03-29 16:12:27,0.02,0.18,4.0,175.0,185.0,1080.0
2021-03-29 16:13:27,0.02,0.18,4.0,175.0,185.0,1080.0
2021-03-29 16:14:28,0.02,0.18,4.0,175.0,185.0,1080.0
2021-03-29 16:15:28,0.02,0.18,4.0,175.0,186.0,1080.0
2021-03-29 16:16:28,0.02,0.18,4.0,176.0,185.0,1080.0
2021-03-29 16:17:29,0.02,0.18,4.0,175.0,185.0,1080.0
2021-03-29 16:18:29,0.02,0.18,4.0,175.0,185.0,1080.0
2021-03-29 16:19:30,0.02,0.18,4.0,175.0,185.0,1080.0
2021-03-29 16:20:30,0.02,0.18,4.0,175.0,185.0,1080.0
2021-03-29 16:21:31,0.02,0.18,4.0,175.0,185.0,1080.0
2021-03-29 16:22:31,0.02,0.18,4.0,175.0,185.0,1070.0
2021-03-29 16:23:31,0.02,0.18,4.0,175.0,185.0,1070.0
2021-03-29 16:24:32,0.02,0.18,4.0,176.0,185.0,1070.0
2021-03-29 16:25:32,0.02,0.18,4.0,175.0,185.0,1080.0
2021-03-29 16:26:33,0.02,0.18,4.0,175.0,185.0,1080.0
2021-03-29 16:27:33,0.02,0.18,4.0,175.0,185.0,1080.0
2021-03-29 16:28:34,0.02,0.18,4.0,175.0,185.0,1080.0
2021-03-29 16:29:34,0.02,0.18,4.0,175.0,185.0,1080.0
2021-03-29 16:30:35,0.02,0.18,4.0,175.0,185.0,1080.0
2021-03-29 16:31:35,0.02,0.18,4.0,175.0,185.0,1080.0
2021-03-29 16:32:36,0.02,0.18,4.0,175.0,185.0,1080.0
2021-03-29 16:33:36,0.02,0.18,4.0,175.0,185.0,1070.0
2021-03-29 16:34:37,0.02,0.18,4.0,175.0,185.0,1080.0
2021-03-29 16:35:37,0.02,0.18,4.0,175.0,185.0,1080.0
2021-03-29 16:36:38,0.02,0.18,4.0,175.0,185.0,1080.0
2021-03-29 16:37:38,0.02,0.18,4.0,175.0,185.0,1080.0
2021-03-29 16:38:39,0.02,0.18,4.0,175.0,185.0,1080.0
2021-03-29 16:39:39,0.02,0.18,4.0,175.0,185.0,1080.0
2021-03-29 16:40:40,0.02,0.18,4.0,175.0,185.0,1080.0
2021-03-29 16:41:40,0.02,0.18,4.0,175.0,185.0,1080.0
2021-03-29 16:42:40,0.02,0.18,4.0,175.0,185.0,1070.0
2021-03-29 16:43:41,0.02,0.18,4.0,175.0,185.0,1080.0
2021-03-29 16:44:41,0.02,0.18,4.0,175.0,185.0,1080.0
2021-03-29 16:45:42,0.02,0.18,4.0,175.0,185.0,1080.0
2021-03-29 16:46:42,0.02,0.18,4.0,175.0,185.0,1080.0
2021-03-29 16:47:43,0.02,0.18,4.0,175.0,185.0,1080.0
2021-03-29 16:48:43,0.02,0.18,4.0,175.0,185.0,1070.0
2021-03-29 16:49:44,0.02,0.18,4.0,175.0,185.0,1070.0
2021-03-29 16:50:44,0.02,0.18,3.0,175.0,185.0,1080.0
2021-03-29 16:51:45,0.02,0.18,4.0,175.0,185.0,1070.0
2021-03-29 16:52:45,0.02,0.18,4.0,175.0,185.0,1080.0
2021-03-29 16:53:46,0.02,0.18,4.0,175.0,185.0,1080.0
2021-03-29 16:54:46,0.02,0.18,4.0,175.0,185.0,1080.0
2021-03-29 16:55:47,0.02,0.18,4.0,175.0,185.0,1080.0
2021-03-29 16:56:47,0.02,0.18,4.0,175.0,185.0,1080.0
2021-03-29 16:57:48,0.02,0.18,4.0,175.0,185.0,1080.0
2021-03-29 16:58:48,0.02,0.18,4.0,175.0,185.0,1080.0
2021-03-29 16:59:49,0.02,0.18,4.0,175.0,185.0,1080.0
2021-03-29 17:00:49,0.02,0.18,4.0,175.0,185.0,1080.0
2021-03-29 17:01:49,0.02,0.18,4.0,175.0,185.0,1080.0
2021-03-29 17:02:50,0.02,0.18,4.0,175.0,185.0,1080.0
2021-03-29 17:03:50,0.02,0.18,3.0,175.0,185.0,1080.0
2021-03-29 17:04:51,0.02,0.18,4.0,175.0,185.0,1080.0
2021-03-29 17:05:51,0.02,0.18,4.0,175.0,185.0,1080.0
2021-03-29 17:06:52,0.02,0.18,4.0,175.0,185.0,1080.0
2021-03-29 17:07:52,0.02,0.18,4.0,175.0,185.0,1080.0
2021-03-29 17:08:53,0.02,0.18,4.0,175.0,185.0,1080.0
2021-03-29 17:09:53,0.02,0.18,4.0,175.0,185.0,1080.0
2021-03-29 17:10:54,0.02,0.18,3.0,175.0,185.0,1070.0
2021-03-29 17:11:54,0.02,0.18,4.0,175.0,185.0,1080.0
2021-03-29 17:12:54,0.02,0.18,4.0,175.0,185.0,1080.0
2021-03-29 17:13:55,0.02,0.18,4.0,175.0,185.0,1080.0
2021-03-29 17:14:55,0.02,0.18,4.0,175.0,185.0,1080.0
2021-03-29 17:15:56,0.02,0.18,4.0,175.0,185.0,1080.0
2021-03-29 17:16:56,0.02,0.18,4.0,175.0,185.0,1080.0
2021-03-29 17:17:57,0.02,0.18,4.0,175.0,185.0,1080.0
2021-03-29 17:18:57,0.02,0.18,4.0,175.0,185.0,1070.0
2021-03-29 17:19:58,0.02,0.18,4.0,175.0,185.0,1080.0
2021-03-29 17:20:58,0.02,0.18,3.0,175.0,185.0,1080.0
2021-03-29 17:21:59,0.02,0.18,4.0,175.0,185.0,1080.0
2021-03-29 17:22:59,0.02,0.18,4.0,175.0,185.0,1080.0
2021-03-29 17:24:00,0.02,0.18,4.0,175.0,185.0,1070.0
2021-03-29 17:25:00,0.02,0.18,4.0,175.0,185.0,1080.0
2021-03-29 17:26:01,0.02,0.18,3.0,175.0,185.0,1080.0
2021-03-29 17:27:02,0.02,0.18,4.0,175.0,185.0,1080.0
2021-03-29 17:28:02,0.02,0.18,4.0,175.0,185.0,1080.0
2021-03-29 17:29:03,0.02,0.18,4.0,175.0,185.0,1080.0
2021-03-29 17:30:03,0.02,0.18,3.0,175.0,185.0,1080.0
2021-03-29 17:31:05,0.02,0.18,3.0,175.0,185.0,1080.0
2021-03-29 17:32:06,0.02,0.18,4.0,175.0,185.0,1070.0
2021-03-29 17:33:06,0.02,0.18,4.0,175.0,185.0,1080.0
2021-03-29 17:34:07,0.02,0.18,4.0,175.0,185.0,1070.0
2021-03-29 17:35:07,0.02,0.18,4.0,175.0,185.0,1080.0
2021-03-29 17:36:08,0.02,0.18,4.0,175.0,185.0,1080.0
2021-03-29 17:37:08,0.02,0.18,4.0,175.0,185.0,1080.0
2021-03-29 17:38:09,0.02,0.18,3.0,175.0,185.0,1080.0
2021-03-29 17:39:09,0.02,0.18,3.0,175.0,185.0,1080.0
2021-03-29 17:40:10,0.02,0.18,4.0,175.0,185.0,1070.0
2021-03-29 17:41:10,0.02,0.18,4.0,175.0,185.0,1080.0
2021-03-29 17:42:10,0.02,0.18,4.0,175.0,185.0,1080.0
2021-03-29 17:43:11,0.02,0.18,4.0,175.0,185.0,1080.0
2021-03-29 17:44:11,0.02,0.18,4.0,175.0,185.0,1080.0
2021-03-29 17:45:12,0.02,0.18,4.0,175.0,185.0,1080.0
2021-03-29 17:46:13,0.02,0.18,3.0,175.0,185.0,1080.0
2021-03-29 17:47:13,0.02,0.18,4.0,175.0,185.0,1070.0
2021-03-29 17:48:14,0.02,0.18,4.0,175.0,185.0,1070.0
2021-03-29 17:49:14,0.02,0.18,4.0,175.0,185.0,1080.0
2021-03-29 17:50:15,0.02,0.18,4.0,175.0,185.0,1080.0
2021-03-29 17:51:15,0.02,0.18,3.0,175.0,185.0,1080.0
2021-03-29 17:52:16,0.02,0.18,4.0,175.0,185.0,1080.0
2021-03-29 17:53:16,0.02,0.18,4.0,175.0,185.0,1080.0
2021-03-29 17:54:17,0.02,0.18,4.0,175.0,185.0,1080.0
2021-03-29 17:55:17,0.02,0.18,3.0,175.0,185.0,1080.0
2021-03-29 17:56:18,0.02,0.18,4.0,175.0,185.0,1080.0
2021-03-29 17:57:18,0.02,0.18,4.0,175.0,185.0,1080.0
2021-03-29 17:58:19,0.02,0.18,4.0,175.0,185.0,1080.0
2021-03-29 17:59:19,0.02,0.18,4.0,175.0,185.0,1070.0
2021-03-29 18:00:19,0.02,0.18,4.0,175.0,185.0,1080.0
2021-03-29 18:01:20,0.02,0.18,4.0,175.0,185.0,1070.0
2021-03-29 18:02:20,0.02,0.18,4.0,175.0,185.0,1080.0
2021-03-29 18:03:21,0.02,0.18,4.0,175.0,185.0,1080.0
2021-03-29 18:04:21,0.02,0.18,4.0,175.0,185.0,1080.0
2021-03-29 18:05:22,0.02,0.18,4.0,175.0,185.0,1080.0
2021-03-29 18:06:22,0.02,0.18,4.0,175.0,185.0,1080.0
2021-03-29 18:07:23,0.02,0.18,4.0,175.0,185.0,1070.0
2021-03-29 18:08:24,0.02,0.18100000000000002,4.0,175.0,185.0,1070.0
2021-03-29 18:09:24,0.02,0.18100000000000002,4.0,175.0,185.0,1080.0
2021-03-29 18:10:25,0.02,0.18100000000000002,4.0,175.0,185.0,1080.0
2021-03-29 18:11:25,0.02,0.18100000000000002,4.0,175.0,185.0,1080.0
2021-03-29 18:12:25,0.02,0.18100000000000002,4.0,175.0,185.0,1080.0
2021-03-29 18:13:26,0.02,0.18100000000000002,4.0,175.0,185.0,1080.0
2021-03-29 18:14:26,0.02,0.18100000000000002,4.0,175.0,185.0,1080.0
2021-03-29 18:15:27,0.02,0.18100000000000002,4.0,175.0,185.0,1080.0
2021-03-29 18:16:27,0.02,0.18100000000000002,4.0,175.0,185.0,1080.0
2021-03-29 18:17:28,0.02,0.18100000000000002,4.0,175.0,185.0,1080.0
2021-03-29 18:18:28,0.02,0.18100000000000002,4.0,175.0,185.0,1080.0
2021-03-29 18:19:29,0.02,0.18100000000000002,4.0,175.0,185.0,1070.0
2021-03-29 18:20:30,0.02,0.18100000000000002,4.0,175.0,185.0,1070.0
2021-03-29 18:21:30,0.02,0.18100000000000002,4.0,175.0,185.0,1080.0
2021-03-29 18:22:31,0.02,0.18100000000000002,4.0,175.0,185.0,1080.0
2021-03-29 18:23:31,0.02,0.18100000000000002,4.0,175.0,185.0,1080.0
2021-03-29 18:24:32,0.02,0.18100000000000002,4.0,175.0,185.0,1080.0
2021-03-29 18:25:32,0.02,0.18100000000000002,4.0,175.0,185.0,1080.0
2021-03-29 18:26:32,0.02,0.18100000000000002,4.0,175.0,185.0,1080.0
2021-03-29 18:27:33,0.02,0.18100000000000002,4.0,175.0,185.0,1080.0
2021-03-29 18:28:33,0.02,0.18100000000000002,4.0,175.0,185.0,1080.0
2021-03-29 18:29:34,0.02,0.18100000000000002,4.0,175.0,185.0,1080.0
2021-03-29 18:30:34,0.02,0.18100000000000002,4.0,175.0,185.0,1080.0
2021-03-29 18:31:35,0.02,0.18100000000000002,4.0,175.0,185.0,1070.0
2021-03-29 18:32:35,0.02,0.18100000000000002,4.0,175.0,185.0,1070.0
2021-03-29 18:33:36,0.02,0.18100000000000002,4.0,175.0,185.0,1080.0
2021-03-29 18:34:36,0.02,0.18100000000000002,4.0,175.0,185.0,1070.0
2021-03-29 18:35:37,0.02,0.18100000000000002,4.0,175.0,185.0,1080.0
2021-03-29 18:36:38,0.02,0.18100000000000002,4.0,175.0,185.0,1080.0
2021-03-29 18:37:38,0.02,0.18100000000000002,4.0,175.0,185.0,1080.0
2021-03-29 18:38:38,0.02,0.18100000000000002,4.0,175.0,185.0,1080.0
2021-03-29 18:39:39,0.02,0.18100000000000002,4.0,175.0,185.0,1080.0
2021-03-29 18:40:39,0.02,0.18100000000000002,4.0,175.0,185.0,1080.0
2021-03-29 18:41:40,0.02,0.18100000000000002,4.0,175.0,185.0,1080.0
2021-03-29 18:42:40,0.02,0.18100000000000002,4.0,175.0,185.0,1080.0
2021-03-29 18:43:41,0.02,0.18100000000000002,4.0,175.0,185.0,1070.0
2021-03-29 18:44:41,0.02,0.18100000000000002,4.0,175.0,185.0,1080.0
